1.0,Valencia,30.0,18.0,7.0,5.0,43.0,1970-71
2.0,Barcelona,30.0,19.0,5.0,6.0,43.0,1970-71
3.0,Atletico de Madrid,30.0,17.0,8.0,5.0,42.0,1970-71
4.0,Real Madrid,30.0,17.0,7.0,6.0,41.0,1970-71
5.0,Athletic Club,30.0,14.0,7.0,9.0,35.0,1970-71
6.0,Celta de Vigo,30.0,15.0,5.0,10.0,35.0,1970-71
7.0,Sevilla,30.0,13.0,6.0,11.0,32.0,1970-71
8.0,Real Sociedad,30.0,10.0,9.0,11.0,29.0,1970-71
9.0,CD Malaga,30.0,8.0,12.0,10.0,28.0,1970-71
10.0,Granada,30.0,10.0,8.0,12.0,28.0,1970-71
11.0,Espanol,30.0,8.0,9.0,13.0,25.0,1970-71
12.0,Sporting de Gijón,30.0,10.0,5.0,15.0,25.0,1970-71
13.0,Sabadell,30.0,8.0,5.0,17.0,21.0,1970-71
14.0,Las Palmas,30.0,5.0,10.0,15.0,20.0,1970-71
15.0,Elche,30.0,4.0,10.0,16.0,18.0,1970-71
16.0,Zaragoza,30.0,3.0,9.0,18.0,15.0,1970-71
1.0,Real Madrid,34.0,19.0,9.0,6.0,47.0,1971-72
2.0,Valencia,34.0,19.0,7.0,8.0,45.0,1971-72
3.0,Barcelona,34.0,17.0,9.0,8.0,43.0,1971-72
4.0,Atletico de Madrid,34.0,14.0,11.0,9.0,39.0,1971-72
5.0,Las Palmas,34.0,15.0,8.0,11.0,38.0,1971-72
6.0,Granada,34.0,14.0,8.0,12.0,36.0,1971-72
7.0,CD Malaga,34.0,9.0,17.0,8.0,35.0,1971-72
8.0,Real Sociedad,34.0,14.0,6.0,14.0,34.0,1971-72
9.0,Athletic Club,34.0,15.0,4.0,15.0,34.0,1971-72
10.0,Celta de Vigo,34.0,10.0,13.0,11.0,33.0,1971-72
11.0,Sporting de Gijón,34.0,12.0,8.0,14.0,32.0,1971-72
12.0,Espanol,34.0,12.0,8.0,14.0,32.0,1971-72
13.0,Real Betis,34.0,10.0,10.0,14.0,30.0,1971-72
14.0,Deportivo de La Coruña,34.0,11.0,8.0,15.0,30.0,1971-72
15.0,Burgos,34.0,11.0,7.0,16.0,29.0,1971-72
16.0,Sevilla,34.0,9.0,9.0,16.0,27.0,1971-72
17.0,Córdoba,34.0,6.0,13.0,15.0,25.0,1971-72
18.0,Sabadell,34.0,7.0,9.0,18.0,23.0,1971-72
1.0,Atletico de Madrid,34.0,20.0,8.0,6.0,48.0,1972-73
2.0,Barcelona,34.0,18.0,10.0,6.0,46.0,1972-73
3.0,Espanol,34.0,17.0,11.0,6.0,45.0,1972-73
4.0,Real Madrid,34.0,17.0,9.0,8.0,43.0,1972-73
5.0,Castellón,34.0,13.0,9.0,12.0,35.0,1972-73
6.0,Valencia,34.0,12.0,10.0,12.0,34.0,1972-73
7.0,Real Sociedad,34.0,13.0,8.0,13.0,34.0,1972-73
8.0,Zaragoza,34.0,10.0,14.0,10.0,34.0,1972-73
9.0,Athletic Club,34.0,12.0,9.0,13.0,33.0,1972-73
10.0,CD Malaga,34.0,11.0,11.0,12.0,33.0,1972-73
11.0,Las Palmas,34.0,11.0,9.0,14.0,31.0,1972-73
12.0,Real Oviedo,34.0,9.0,12.0,13.0,30.0,1972-73
13.0,Granada,34.0,9.0,11.0,14.0,29.0,1972-73
14.0,Sporting de Gijón,34.0,11.0,7.0,16.0,29.0,1972-73
15.0,Celta de Vigo,34.0,10.0,9.0,15.0,29.0,1972-73
16.0,Real Betis,34.0,7.0,14.0,13.0,28.0,1972-73
17.0,Deportivo de La Coruña,34.0,7.0,13.0,14.0,27.0,1972-73
18.0,Burgos,34.0,9.0,6.0,19.0,24.0,1972-73
1.0,Barcelona,34.0,21.0,8.0,5.0,50.0,1973-74
2.0,Atletico de Madrid,34.0,18.0,6.0,10.0,42.0,1973-74
3.0,Zaragoza,34.0,16.0,8.0,10.0,40.0,1973-74
4.0,Real Sociedad,34.0,16.0,7.0,11.0,39.0,1973-74
5.0,Athletic Club,34.0,15.0,7.0,12.0,37.0,1973-74
6.0,Granada,34.0,12.0,12.0,10.0,36.0,1973-74
7.0,CD Malaga,34.0,12.0,12.0,10.0,36.0,1973-74
8.0,Real Madrid,34.0,13.0,8.0,13.0,34.0,1973-74
9.0,Espanol,34.0,13.0,8.0,13.0,34.0,1973-74
10.0,Valencia,34.0,13.0,7.0,14.0,33.0,1973-74
11.0,Las Palmas,34.0,14.0,5.0,15.0,33.0,1973-74
12.0,Celta de Vigo,34.0,12.0,6.0,16.0,30.0,1973-74
13.0,Sporting de Gijón,34.0,13.0,4.0,17.0,30.0,1973-74
14.0,Elche,34.0,11.0,7.0,16.0,29.0,1973-74
15.0,Real Murcia,34.0,10.0,9.0,15.0,29.0,1973-74
16.0,Castellón,34.0,9.0,11.0,14.0,29.0,1973-74
17.0,Racing de Santander,34.0,8.0,11.0,15.0,27.0,1973-74
18.0,Real Oviedo,34.0,9.0,6.0,19.0,24.0,1973-74
1.0,Real Madrid,34.0,20.0,10.0,4.0,50.0,1974-75
2.0,Zaragoza,34.0,15.0,8.0,11.0,38.0,1974-75
3.0,Barcelona,34.0,15.0,7.0,12.0,37.0,1974-75
4.0,Real Sociedad,34.0,12.0,12.0,10.0,36.0,1974-75
5.0,Hercules,34.0,11.0,14.0,9.0,36.0,1974-75
6.0,Atletico de Madrid,34.0,11.0,13.0,10.0,35.0,1974-75
7.0,Salamanca,34.0,10.0,15.0,9.0,35.0,1974-75
8.0,Elche,34.0,13.0,8.0,13.0,34.0,1974-75
9.0,Real Betis,34.0,14.0,6.0,14.0,34.0,1974-75
10.0,Athletic Club,34.0,13.0,7.0,14.0,33.0,1974-75
11.0,Espanol,34.0,14.0,5.0,15.0,33.0,1974-75
12.0,Valencia,34.0,12.0,8.0,14.0,32.0,1974-75
13.0,Las Palmas,34.0,12.0,8.0,14.0,32.0,1974-75
14.0,Sporting de Gijón,34.0,11.0,10.0,13.0,32.0,1974-75
15.0,Granada,34.0,10.0,11.0,13.0,31.0,1974-75
16.0,CD Malaga,34.0,13.0,5.0,16.0,31.0,1974-75
17.0,Celta de Vigo,34.0,10.0,10.0,14.0,30.0,1974-75
18.0,Real Murcia,34.0,7.0,9.0,18.0,23.0,1974-75
1.0,Real Madrid,34.0,20.0,8.0,6.0,48.0,1975-76
2.0,Barcelona,34.0,18.0,7.0,9.0,43.0,1975-76
3.0,Atletico de Madrid,34.0,18.0,6.0,10.0,42.0,1975-76
4.0,Espanol,34.0,18.0,4.0,12.0,40.0,1975-76
5.0,Athletic Club,34.0,14.0,11.0,9.0,39.0,1975-76
6.0,Hercules,34.0,12.0,12.0,10.0,36.0,1975-76
7.0,Real Betis,34.0,15.0,5.0,14.0,35.0,1975-76
8.0,Real Sociedad,34.0,12.0,10.0,12.0,34.0,1975-76
9.0,Salamanca,34.0,12.0,10.0,12.0,34.0,1975-76
10.0,Valencia,34.0,12.0,8.0,14.0,32.0,1975-76
11.0,Sevilla,34.0,13.0,6.0,15.0,32.0,1975-76
12.0,Real Santander,34.0,14.0,4.0,16.0,32.0,1975-76
13.0,Las Palmas,34.0,12.0,6.0,16.0,30.0,1975-76
14.0,Zaragoza,34.0,11.0,8.0,15.0,30.0,1975-76
15.0,Elche,34.0,8.0,12.0,14.0,28.0,1975-76
16.0,Real Oviedo,34.0,11.0,5.0,18.0,27.0,1975-76
17.0,Granada,34.0,8.0,10.0,16.0,26.0,1975-76
18.0,Sporting de Gijón,34.0,7.0,10.0,17.0,24.0,1975-76
1.0,Atletico de Madrid,34.0,19.0,8.0,7.0,46.0,1976-77
2.0,Barcelona,34.0,18.0,9.0,7.0,45.0,1976-77
3.0,Athletic Club,34.0,15.0,8.0,11.0,38.0,1976-77
4.0,Las Palmas,34.0,15.0,6.0,13.0,36.0,1976-77
5.0,Betis,34.0,15.0,6.0,13.0,36.0,1976-77
6.0,Espanol,34.0,14.0,8.0,12.0,36.0,1976-77
7.0,Valencia,34.0,13.0,10.0,11.0,36.0,1976-77
8.0,Real Sociedad,34.0,13.0,8.0,13.0,34.0,1976-77
9.0,Real Madrid,34.0,12.0,10.0,12.0,34.0,1976-77
10.0,Sevilla,34.0,11.0,12.0,11.0,34.0,1976-77
11.0,Elche,34.0,11.0,11.0,12.0,33.0,1976-77
12.0,Salamanca,34.0,13.0,6.0,15.0,32.0,1976-77
13.0,Hercules,34.0,11.0,10.0,13.0,32.0,1976-77
14.0,Burgos,34.0,14.0,4.0,16.0,32.0,1976-77
15.0,Racing de Santander,34.0,12.0,7.0,15.0,31.0,1976-77
16.0,Zaragoza,34.0,10.0,10.0,14.0,30.0,1976-77
17.0,Celta de Vigo,34.0,9.0,11.0,14.0,29.0,1976-77
18.0,CD Malaga,34.0,6.0,6.0,22.0,18.0,1976-77
1.0,Real Madrid,34.0,22.0,3.0,9.0,47.0,1977-78
2.0,Barcelona,34.0,16.0,9.0,9.0,41.0,1977-78
3.0,Athletic Club,34.0,16.0,8.0,10.0,40.0,1977-78
4.0,Valencia,34.0,16.0,7.0,11.0,39.0,1977-78
5.0,Sporting de Gijón,34.0,15.0,9.0,10.0,39.0,1977-78
6.0,Atletico de Madrid,34.0,16.0,4.0,14.0,36.0,1977-78
7.0,Las Palmas,34.0,12.0,11.0,11.0,35.0,1977-78
8.0,Sevilla,34.0,13.0,8.0,13.0,34.0,1977-78
9.0,Salamanca,34.0,14.0,6.0,14.0,34.0,1977-78
10.0,Rayo Vallecano,34.0,12.0,9.0,13.0,33.0,1977-78
11.0,Real Sociedad,34.0,12.0,9.0,13.0,33.0,1977-78
12.0,Burgos,34.0,10.0,11.0,13.0,31.0,1977-78
13.0,Racing de Santander,34.0,11.0,9.0,14.0,31.0,1977-78
14.0,Espanol,34.0,12.0,6.0,16.0,30.0,1977-78
15.0,Hercules,34.0,10.0,10.0,14.0,30.0,1977-78
16.0,Real Betis,34.0,11.0,8.0,15.0,30.0,1977-78
17.0,Elche,34.0,11.0,5.0,18.0,27.0,1977-78
18.0,Cadiz,34.0,7.0,8.0,19.0,22.0,1977-78
1.0,Real Madrid,34.0,22.0,9.0,3.0,53.0,1979-80
2.0,Real Sociedad,34.0,19.0,14.0,1.0,52.0,1979-80
3.0,Sporting de Gijon,34.0,16.0,7.0,11.0,39.0,1979-80
4.0,Barcelona,34.0,13.0,12.0,9.0,38.0,1979-80
5.0,Real Betis,34.0,12.0,12.0,10.0,36.0,1979-80
6.0,Valencia,34.0,12.0,12.0,10.0,36.0,1979-80
7.0,Athletic Club,34.0,15.0,5.0,14.0,35.0,1979-80
8.0,Sevilla,34.0,14.0,6.0,14.0,34.0,1979-80
9.0,Salamanca,34.0,13.0,8.0,13.0,34.0,1979-80
10.0,Almeria,34.0,11.0,11.0,12.0,33.0,1979-80
11.0,Zaragoza,34.0,13.0,7.0,14.0,33.0,1979-80
12.0,Las Palmas,34.0,13.0,6.0,15.0,32.0,1979-80
13.0,Atletico de Madrid,34.0,10.0,11.0,13.0,31.0,1979-80
14.0,Espanol,34.0,9.0,12.0,13.0,30.0,1979-80
15.0,Hercules,34.0,8.0,12.0,14.0,28.0,1979-80
16.0,Rayo Vallecano,34.0,9.0,8.0,17.0,26.0,1979-80
17.0,Burgos,34.0,5.0,10.0,19.0,20.0,1979-80
18.0,CD Malaga,34.0,8.0,6.0,20.0,19.0,1979-80
1.0,Real Sociedad,34.0,19.0,7.0,8.0,45.0,1980-81
2.0,Real Madrid,34.0,20.0,5.0,9.0,45.0,1980-81
3.0,Atletico de Madrid,34.0,16.0,10.0,8.0,42.0,1980-81
4.0,Valencia,34.0,17.0,8.0,9.0,42.0,1980-81
5.0,Barcelona,34.0,18.0,5.0,11.0,41.0,1980-81
6.0,Real Betis,34.0,17.0,6.0,11.0,40.0,1980-81
7.0,Sporting de Gijon,34.0,14.0,10.0,10.0,38.0,1980-81
8.0,Sevilla,34.0,14.0,9.0,11.0,37.0,1980-81
9.0,Athletic Club,34.0,14.0,7.0,13.0,35.0,1980-81
10.0,Espanol,34.0,14.0,6.0,14.0,34.0,1980-81
11.0,Osasuna,34.0,12.0,8.0,14.0,32.0,1980-81
12.0,Real Valladolid,34.0,9.0,13.0,12.0,31.0,1980-81
13.0,Hercules,34.0,10.0,10.0,14.0,30.0,1980-81
14.0,Zaragoza,34.0,9.0,11.0,14.0,29.0,1980-81
15.0,Las Palmas,34.0,12.0,4.0,18.0,28.0,1980-81
16.0,Real Murcia,34.0,8.0,7.0,19.0,23.0,1980-81
17.0,Salamanca,34.0,7.0,7.0,20.0,21.0,1980-81
18.0,Almeria,34.0,6.0,7.0,21.0,19.0,1980-81
1.0,Real Sociedad,34.0,20.0,7.0,7.0,47.0,1981-82
2.0,Barcelona,34.0,19.0,7.0,8.0,45.0,1981-82
3.0,Real Madrid,34.0,18.0,8.0,8.0,44.0,1981-82
4.0,Athletic Club,34.0,18.0,4.0,12.0,40.0,1981-82
5.0,Valencia,34.0,17.0,5.0,12.0,39.0,1981-82
6.0,Real Betis,34.0,15.0,6.0,13.0,36.0,1981-82
7.0,Sevilla,34.0,15.0,5.0,14.0,35.0,1981-82
8.0,Atletico de Madrid,34.0,15.0,4.0,15.0,34.0,1981-82
9.0,Real Valladolid,34.0,13.0,8.0,13.0,34.0,1981-82
10.0,Osasuna,34.0,14.0,6.0,14.0,34.0,1981-82
11.0,Zaragoza,34.0,13.0,8.0,13.0,34.0,1981-82
12.0,Racing de Santander,34.0,12.0,8.0,14.0,32.0,1981-82
13.0,Espanol,34.0,13.0,6.0,15.0,32.0,1981-82
14.0,Sporting de Gijon,34.0,10.0,9.0,15.0,29.0,1981-82
15.0,Las Palmas,34.0,11.0,7.0,16.0,29.0,1981-82
16.0,Cadiz,34.0,13.0,3.0,18.0,29.0,1981-82
17.0,Hercules,34.0,11.0,5.0,18.0,27.0,1981-82
18.0,Castellón,34.0,3.0,6.0,25.0,12.0,1981-82
1.0,Athletic Club,34.0,22.0,6.0,6.0,50.0,1982-83
2.0,Real Madrid,34.0,20.0,9.0,5.0,49.0,1982-83
3.0,Atletico de Madrid,34.0,20.0,6.0,8.0,46.0,1982-83
4.0,Barcelona,34.0,17.0,10.0,7.0,44.0,1982-83
5.0,Sevilla,34.0,15.0,12.0,7.0,42.0,1982-83
6.0,Zaragoza,34.0,17.0,6.0,11.0,40.0,1982-83
7.0,Real Sociedad,34.0,12.0,12.0,10.0,36.0,1982-83
8.0,Sporting de Gijon,34.0,9.0,15.0,10.0,33.0,1982-83
9.0,Espanol,34.0,13.0,6.0,15.0,32.0,1982-83
10.0,CD Malaga,34.0,10.0,10.0,14.0,30.0,1982-83
11.0,Real Betis,34.0,9.0,12.0,13.0,30.0,1982-83
12.0,Real Valladolid,34.0,9.0,11.0,14.0,29.0,1982-83
13.0,Salamanca,34.0,10.0,8.0,16.0,28.0,1982-83
14.0,Osasuna,34.0,10.0,6.0,18.0,26.0,1982-83
15.0,Valencia,34.0,9.0,7.0,18.0,25.0,1982-83
16.0,Las Palmas,34.0,7.0,11.0,16.0,25.0,1982-83
17.0,Celta de Vigo,34.0,9.0,6.0,19.0,24.0,1982-83
18.0,Racing de Santander,34.0,9.0,5.0,20.0,23.0,1982-83
1.0,Barcelona,34.0,21.0,11.0,2.0,53.0,1984-85
2.0,Atletico de Madrid,34.0,16.0,11.0,7.0,43.0,1984-85
3.0,Athletic Club,34.0,13.0,15.0,6.0,41.0,1984-85
4.0,Sporting de Gijón,34.0,13.0,15.0,6.0,41.0,1984-85
5.0,Real Madrid,34.0,13.0,10.0,11.0,36.0,1984-85
6.0,Osasuna,34.0,13.0,8.0,13.0,34.0,1984-85
7.0,Real Sociedad,34.0,11.0,12.0,11.0,34.0,1984-85
8.0,Espanol,34.0,11.0,12.0,11.0,34.0,1984-85
9.0,Valencia,34.0,9.0,15.0,10.0,33.0,1984-85
10.0,Zaragoza,34.0,11.0,11.0,12.0,33.0,1984-85
11.0,Racing de Santander,34.0,10.0,12.0,12.0,32.0,1984-85
12.0,Sevilla,34.0,10.0,11.0,13.0,31.0,1984-85
13.0,Real Valladolid,34.0,7.0,16.0,11.0,30.0,1984-85
14.0,Real Betis,34.0,11.0,8.0,15.0,30.0,1984-85
15.0,Hercules,34.0,9.0,12.0,13.0,30.0,1984-85
16.0,CD Malaga,34.0,7.0,15.0,12.0,29.0,1984-85
17.0,Elche,34.0,6.0,14.0,14.0,26.0,1984-85
18.0,Real Murcia,34.0,6.0,10.0,18.0,22.0,1984-85
1.0,Real Madrid,34.0,26.0,4.0,4.0,56.0,1985-86
2.0,Barcelona,34.0,18.0,9.0,7.0,45.0,1985-86
3.0,Athletic Club,34.0,17.0,9.0,8.0,43.0,1985-86
4.0,Zaragoza,34.0,15.0,12.0,7.0,42.0,1985-86
5.0,Atletico de Madrid,34.0,17.0,8.0,9.0,42.0,1985-86
6.0,Sporting de Gijon,34.0,13.0,15.0,6.0,41.0,1985-86
7.0,Real Sociedad,34.0,17.0,5.0,12.0,39.0,1985-86
8.0,Real Betis,34.0,11.0,13.0,10.0,35.0,1985-86
9.0,Sevilla,34.0,12.0,10.0,12.0,34.0,1985-86
10.0,Real Valladolid,34.0,13.0,6.0,15.0,32.0,1985-86
11.0,Espanol,34.0,11.0,9.0,14.0,31.0,1985-86
12.0,Racing de Santander,34.0,10.0,11.0,13.0,31.0,1985-86
13.0,Las Palmas,34.0,9.0,9.0,16.0,27.0,1985-86
14.0,Osasuna,34.0,9.0,9.0,16.0,27.0,1985-86
15.0,Cadiz,34.0,9.0,8.0,17.0,26.0,1985-86
16.0,Valencia,34.0,8.0,9.0,17.0,25.0,1985-86
17.0,Hercules,34.0,8.0,6.0,20.0,22.0,1985-86
18.0,Celta de Vigo,34.0,5.0,4.0,25.0,14.0,1985-86
1.0,Real Madrid,44.0,27.0,12.0,5.0,66.0,1986-87
2.0,Barcelona,44.0,24.0,15.0,5.0,63.0,1986-87
3.0,Espanol,44.0,20.0,11.0,13.0,51.0,1986-87
4.0,Sporting de Gijon,44.0,16.0,13.0,15.0,45.0,1986-87
5.0,Zaragoza,44.0,15.0,14.0,15.0,44.0,1986-87
6.0,Mallorca,44.0,15.0,12.0,17.0,42.0,1986-87
7.0,Atletico de Madrid,44.0,18.0,11.0,15.0,47.0,1986-87
8.0,Real Sociedad,44.0,19.0,9.0,16.0,47.0,1986-87
9.0,Real Betis,44.0,18.0,9.0,17.0,45.0,1986-87
10.0,Real Valladolid,44.0,15.0,11.0,18.0,41.0,1986-87
11.0,Real Murcia,44.0,17.0,7.0,20.0,41.0,1986-87
12.0,Sevilla,44.0,14.0,11.0,19.0,39.0,1986-87
13.0,Athletic Club,44.0,15.0,12.0,17.0,42.0,1986-87
14.0,Las Palmas,44.0,16.0,9.0,19.0,41.0,1986-87
15.0,Sabadell,44.0,12.0,14.0,18.0,38.0,1986-87
16.0,Osasuna,44.0,12.0,14.0,18.0,38.0,1986-87
17.0,Racing de Santander,44.0,12.0,9.0,23.0,33.0,1986-87
18.0,Cadiz,44.0,10.0,9.0,25.0,29.0,1986-87
1.0,Real Madrid,38.0,28.0,6.0,4.0,62.0,1987-88
2.0,Real Sociedad,38.0,22.0,7.0,9.0,51.0,1987-88
3.0,Atletico de Madrid,38.0,19.0,10.0,9.0,48.0,1987-88
4.0,Athletic Club,38.0,17.0,12.0,9.0,46.0,1987-88
5.0,Osasuna,38.0,15.0,10.0,13.0,40.0,1987-88
6.0,Barcelona,38.0,15.0,9.0,14.0,39.0,1987-88
7.0,Celta de Vigo,38.0,14.0,11.0,13.0,39.0,1987-88
8.0,Real Valladolid,38.0,13.0,12.0,13.0,38.0,1987-88
9.0,Sporting de Gijon,38.0,14.0,10.0,14.0,38.0,1987-88
10.0,Sevilla,38.0,13.0,11.0,14.0,37.0,1987-88
11.0,Zaragoza,38.0,11.0,14.0,13.0,36.0,1987-88
12.0,Cadiz,38.0,11.0,13.0,14.0,35.0,1987-88
13.0,Logroñés,38.0,12.0,9.0,17.0,33.0,1987-88
14.0,Valencia,38.0,10.0,13.0,15.0,33.0,1987-88
15.0,Espanol,38.0,11.0,11.0,16.0,33.0,1987-88
16.0,Real Betis,38.0,14.0,5.0,19.0,33.0,1987-88
17.0,Real Murcia,38.0,9.0,13.0,16.0,31.0,1987-88
18.0,Real Mallorca,38.0,9.0,12.0,17.0,30.0,1987-88
19.0,Sabadell,38.0,9.0,11.0,18.0,29.0,1987-88
20.0,Las Palmas,38.0,12.0,5.0,21.0,29.0,1987-88
1.0,Real Madrid,38.0,25.0,12.0,1.0,62.0,1988-89
2.0,Barcelona,38.0,23.0,11.0,4.0,57.0,1988-89
3.0,Valencia,38.0,18.0,13.0,7.0,49.0,1988-89
4.0,Atletico de Madrid,38.0,19.0,8.0,11.0,46.0,1988-89
5.0,Zaragoza,38.0,15.0,13.0,10.0,43.0,1988-89
6.0,Real Valladolid,38.0,18.0,7.0,13.0,43.0,1988-89
7.0,Athletic Club,38.0,15.0,12.0,11.0,42.0,1988-89
8.0,Celta de Vigo,38.0,14.0,11.0,13.0,39.0,1988-89
9.0,Sevilla,38.0,13.0,12.0,13.0,38.0,1988-89
10.0,Osasuna,38.0,13.0,11.0,14.0,37.0,1988-89
11.0,Real Sociedad,38.0,11.0,14.0,13.0,36.0,1988-89
12.0,Real Oviedo,38.0,12.0,11.0,15.0,35.0,1988-89
13.0,Sporting de Gijon,38.0,13.0,9.0,16.0,35.0,1988-89
14.0,Logroñés,38.0,9.0,16.0,13.0,34.0,1988-89
15.0,Cadiz,38.0,9.0,15.0,14.0,33.0,1988-89
16.0,CD Malaga,38.0,12.0,9.0,17.0,33.0,1988-89
17.0,Espanol,38.0,7.0,16.0,15.0,30.0,1988-89
18.0,Real Betis,38.0,9.0,11.0,18.0,29.0,1988-89
19.0,Real Murcia,38.0,9.0,6.0,23.0,24.0,1988-89
20.0,Elche,38.0,4.0,7.0,27.0,15.0,1988-89
1.0,Real Madrid,38.0,26.0,10.0,2.0,62.0,1989-90
2.0,Valencia,38.0,20.0,13.0,5.0,53.0,1989-90
3.0,Barcelona,38.0,23.0,5.0,10.0,51.0,1989-90
4.0,Atletico de Madrid,38.0,20.0,10.0,8.0,50.0,1989-90
5.0,Real Sociedad,38.0,15.0,14.0,9.0,44.0,1989-90
6.0,Sevilla,38.0,18.0,7.0,13.0,43.0,1989-90
7.0,Logroñés,38.0,18.0,5.0,15.0,41.0,1989-90
8.0,Osasuna,38.0,14.0,12.0,12.0,40.0,1989-90
9.0,Zaragoza,38.0,16.0,8.0,14.0,40.0,1989-90
10.0,Mallorca,38.0,11.0,17.0,10.0,39.0,1989-90
11.0,Real Oviedo,38.0,12.0,15.0,11.0,39.0,1989-90
12.0,Athletic Club,38.0,11.0,15.0,12.0,37.0,1989-90
13.0,Sporting de Gijon,38.0,12.0,10.0,16.0,34.0,1989-90
14.0,Castellón,38.0,9.0,14.0,15.0,32.0,1989-90
15.0,Cadiz,38.0,12.0,6.0,20.0,30.0,1989-90
16.0,Real Valladolid,38.0,8.0,14.0,16.0,30.0,1989-90
17.0,CD Malaga,38.0,9.0,10.0,19.0,28.0,1989-90
18.0,Tenerife,38.0,8.0,10.0,20.0,26.0,1989-90
19.0,Celta de Vigo,38.0,5.0,12.0,21.0,22.0,1989-90
20.0,Rayo Vallecano,38.0,6.0,7.0,25.0,19.0,1989-90
1.0,Barcelona,38.0,25.0,7.0,6.0,57.0,1990-91
2.0,Atletico de Madrid,38.0,17.0,13.0,8.0,47.0,1990-91
3.0,Real Madrid,38.0,20.0,6.0,12.0,46.0,1990-91
4.0,Osasuna,38.0,15.0,15.0,8.0,45.0,1990-91
5.0,Sporting de Gijon,38.0,16.0,12.0,10.0,44.0,1990-91
6.0,Real Oviedo,38.0,13.0,16.0,9.0,42.0,1990-91
7.0,Valencia,38.0,15.0,10.0,13.0,40.0,1990-91
8.0,Sevilla,38.0,15.0,8.0,15.0,38.0,1990-91
9.0,Real Valladolid,38.0,12.0,13.0,13.0,37.0,1990-91
10.0,Logroñés,38.0,13.0,11.0,14.0,37.0,1990-91
11.0,Burgos,38.0,10.0,17.0,11.0,37.0,1990-91
12.0,Athletic Club,38.0,15.0,6.0,17.0,36.0,1990-91
13.0,Real Sociedad,38.0,11.0,14.0,13.0,36.0,1990-91
14.0,Tenerife,38.0,14.0,7.0,17.0,35.0,1990-91
15.0,Mallorca,38.0,9.0,16.0,13.0,34.0,1990-91
16.0,Espanol,38.0,12.0,10.0,16.0,34.0,1990-91
17.0,Zaragoza,38.0,11.0,11.0,16.0,33.0,1990-91
18.0,Cadiz,38.0,7.0,15.0,16.0,29.0,1990-91
19.0,Castellón,38.0,8.0,12.0,18.0,28.0,1990-91
20.0,Real Betis,38.0,6.0,13.0,19.0,25.0,1990-91
1.0,Barcelona,38.0,23.0,9.0,6.0,55.0,1991-92
2.0,Real Madrid,38.0,23.0,8.0,7.0,54.0,1991-92
3.0,Atletico de Madrid,38.0,24.0,5.0,9.0,53.0,1991-92
4.0,Valencia,38.0,20.0,7.0,11.0,47.0,1991-92
5.0,Real Sociedad,38.0,16.0,12.0,10.0,44.0,1991-92
6.0,Zaragoza,38.0,17.0,7.0,14.0,41.0,1991-92
7.0,Albacete,38.0,16.0,8.0,14.0,40.0,1991-92
8.0,Sporting de Gijon,38.0,15.0,8.0,15.0,38.0,1991-92
9.0,Burgos,38.0,12.0,13.0,13.0,37.0,1991-92
10.0,Logroñés,38.0,13.0,10.0,15.0,36.0,1991-92
11.0,Real Oviedo,38.0,14.0,8.0,16.0,36.0,1991-92
12.0,Sevilla,38.0,13.0,8.0,17.0,34.0,1991-92
13.0,Tenerife,38.0,12.0,10.0,16.0,34.0,1991-92
14.0,Athletic Club,38.0,13.0,7.0,18.0,33.0,1991-92
15.0,Osasuna,38.0,10.0,13.0,15.0,33.0,1991-92
16.0,Espanol,38.0,12.0,8.0,18.0,32.0,1991-92
17.0,Deportivo de La Coruña,38.0,8.0,15.0,15.0,31.0,1991-92
18.0,Cadiz,38.0,7.0,14.0,17.0,28.0,1991-92
19.0,Real Valladolid,38.0,7.0,13.0,18.0,27.0,1991-92
20.0,Mallorca,38.0,10.0,7.0,21.0,27.0,1991-92
1.0,Barcelona,38.0,25.0,8.0,5.0,58.0,1992-93
2.0,Real Madrid,38.0,24.0,9.0,5.0,57.0,1992-93
3.0,Deportivo de La Coruña,38.0,22.0,10.0,6.0,54.0,1992-93
4.0,Valencia,38.0,19.0,10.0,9.0,48.0,1992-93
5.0,Tenerife,38.0,15.0,14.0,9.0,44.0,1992-93
6.0,Atletico de Madrid,38.0,16.0,11.0,11.0,43.0,1992-93
7.0,Sevilla,38.0,17.0,9.0,12.0,43.0,1992-93
8.0,Athletic Club,38.0,17.0,6.0,15.0,40.0,1992-93
9.0,Zaragoza,38.0,11.0,13.0,14.0,35.0,1992-93
10.0,Osasuna,38.0,12.0,10.0,16.0,34.0,1992-93
11.0,Celta de Vigo,38.0,9.0,16.0,13.0,34.0,1992-93
12.0,Sporting de Gijon,38.0,11.0,12.0,15.0,34.0,1992-93
13.0,Real Sociedad,38.0,13.0,8.0,17.0,34.0,1992-93
14.0,Rayo Vallecano,38.0,8.0,17.0,13.0,33.0,1992-93
15.0,Logroñés,38.0,11.0,11.0,16.0,33.0,1992-93
16.0,Real Oviedo,38.0,11.0,10.0,17.0,32.0,1992-93
17.0,Albacete,38.0,11.0,9.0,18.0,31.0,1992-93
18.0,Espanol,38.0,9.0,11.0,18.0,29.0,1992-93
19.0,Cadiz,38.0,5.0,12.0,21.0,22.0,1992-93
20.0,Burgos,38.0,4.0,14.0,20.0,22.0,1992-93
1.0,Barcelona,38.0,25.0,6.0,7.0,56.0,1993-94
2.0,Deportivo,38.0,22.0,12.0,4.0,56.0,1993-94
3.0,Zaragoza,38.0,19.0,8.0,11.0,46.0,1993-94
4.0,Real Madrid,38.0,19.0,7.0,12.0,45.0,1993-94
5.0,Athletic Club,38.0,16.0,11.0,11.0,43.0,1993-94
6.0,Sevilla,38.0,15.0,12.0,11.0,42.0,1993-94
7.0,Valencia,38.0,14.0,12.0,12.0,40.0,1993-94
8.0,Racing de Santander,38.0,15.0,8.0,15.0,38.0,1993-94
9.0,Real Oviedo,38.0,12.0,13.0,13.0,37.0,1993-94
10.0,Tenerife,38.0,15.0,6.0,17.0,36.0,1993-94
11.0,Real Sociedad,38.0,12.0,12.0,14.0,36.0,1993-94
12.0,Atletico de Madrid,38.0,13.0,9.0,16.0,35.0,1993-94
13.0,Albacete,38.0,10.0,15.0,13.0,35.0,1993-94
14.0,Sporting de Gijon,38.0,15.0,5.0,18.0,35.0,1993-94
15.0,Celta de Vigo,38.0,11.0,11.0,16.0,33.0,1993-94
16.0,Logroñés,38.0,9.0,15.0,14.0,33.0,1993-94
17.0,Rayo Vallecano,38.0,9.0,13.0,16.0,31.0,1993-94
18.0,Real Valladolid,38.0,8.0,14.0,16.0,30.0,1993-94
19.0,Lleida,38.0,7.0,13.0,18.0,27.0,1993-94
20.0,Osasuna,38.0,8.0,10.0,20.0,26.0,1993-94
1.0,Real Madrid,38.0,23.0,9.0,6.0,55.0,1994-95
2.0,Deportivo de La Coruña,38.0,20.0,11.0,7.0,51.0,1994-95
3.0,Real Betis,38.0,15.0,16.0,7.0,46.0,1994-95
4.0,Barcelona,38.0,18.0,10.0,10.0,46.0,1994-95
5.0,Sevilla,38.0,16.0,11.0,11.0,43.0,1994-95
6.0,Espanol,38.0,14.0,15.0,9.0,43.0,1994-95
7.0,Zaragoza,38.0,18.0,7.0,13.0,43.0,1994-95
8.0,Athletic Club,38.0,16.0,10.0,12.0,42.0,1994-95
9.0,Real Oviedo,38.0,13.0,13.0,12.0,39.0,1994-95
10.0,Valencia,38.0,13.0,12.0,13.0,38.0,1994-95
11.0,Real Sociedad,38.0,12.0,14.0,12.0,38.0,1994-95
12.0,Racing de Santander,38.0,13.0,10.0,15.0,36.0,1994-95
13.0,Celta de Vigo,38.0,11.0,14.0,13.0,36.0,1994-95
14.0,Atletico de Madrid,38.0,13.0,9.0,16.0,35.0,1994-95
15.0,Tenerife,38.0,13.0,9.0,16.0,35.0,1994-95
16.0,Compostela,38.0,11.0,12.0,15.0,34.0,1994-95
17.0,Albacete,38.0,10.0,14.0,14.0,34.0,1994-95
18.0,Sporting de Gijon,38.0,8.0,12.0,18.0,28.0,1994-95
19.0,Real Valladolid,38.0,8.0,9.0,21.0,25.0,1994-95
20.0,Logroñés,38.0,2.0,9.0,27.0,13.0,1994-95
1.0,Atletico de Madrid,42.0,26.0,9.0,7.0,87.0,1995-96
2.0,Valencia,42.0,26.0,5.0,11.0,83.0,1995-96
3.0,Barcelona,42.0,22.0,14.0,6.0,80.0,1995-96
4.0,Espanol,42.0,20.0,14.0,8.0,74.0,1995-96
5.0,Tenerife,42.0,20.0,12.0,10.0,72.0,1995-96
6.0,Real Madrid,42.0,20.0,10.0,12.0,70.0,1995-96
7.0,Real Sociedad,42.0,17.0,12.0,13.0,63.0,1995-96
8.0,Real Betis,42.0,16.0,14.0,12.0,62.0,1995-96
9.0,Deportivo de La Coruña,42.0,16.0,13.0,13.0,61.0,1995-96
10.0,Compostela,42.0,17.0,8.0,17.0,59.0,1995-96
11.0,Celta de Vigo,42.0,12.0,16.0,14.0,52.0,1995-96
12.0,Sevilla,42.0,11.0,15.0,16.0,48.0,1995-96
13.0,Zaragoza,42.0,11.0,15.0,16.0,48.0,1995-96
14.0,Real Oviedo,42.0,12.0,12.0,18.0,48.0,1995-96
15.0,Athletic Club,42.0,11.0,15.0,16.0,48.0,1995-96
16.0,Real Valladolid,42.0,11.0,14.0,17.0,47.0,1995-96
17.0,Racing de Santander,42.0,11.0,14.0,17.0,47.0,1995-96
18.0,Sporting de Gijon,42.0,13.0,7.0,22.0,46.0,1995-96
19.0,Rayo Vallecano,42.0,12.0,8.0,22.0,44.0,1995-96
20.0,Albacete,42.0,10.0,12.0,20.0,42.0,1995-96
21.0,Merida,42.0,10.0,12.0,20.0,42.0,1995-96
22.0,Salamanca,42.0,8.0,9.0,25.0,33.0,1995-96
1.0,Real Madrid,42.0,27.0,11.0,4.0,92.0,1996-97
2.0,Barcelona,42.0,28.0,6.0,8.0,90.0,1996-97
3.0,Deportivo de La Coruña,42.0,21.0,14.0,7.0,77.0,1996-97
4.0,Real Betis[1]​,42.0,21.0,14.0,7.0,77.0,1996-97
5.0,Atletico de Madrid,42.0,20.0,11.0,11.0,71.0,1996-97
6.0,Athletic Club,42.0,16.0,16.0,10.0,64.0,1996-97
7.0,Real Valladolid,42.0,18.0,10.0,14.0,64.0,1996-97
8.0,Real Sociedad,42.0,18.0,9.0,15.0,63.0,1996-97
9.0,Tenerife,42.0,15.0,11.0,16.0,56.0,1996-97
10.0,Valencia,42.0,15.0,11.0,16.0,56.0,1996-97
11.0,Compostela,42.0,13.0,14.0,15.0,53.0,1996-97
12.0,Espanol,42.0,14.0,9.0,19.0,51.0,1996-97
13.0,Racing de Santander,42.0,11.0,17.0,14.0,50.0,1996-97
14.0,Zaragoza,42.0,12.0,14.0,16.0,50.0,1996-97
15.0,Sporting de Gijon,42.0,13.0,11.0,18.0,50.0,1996-97
16.0,Celta de Vigo,42.0,12.0,13.0,17.0,49.0,1996-97
17.0,Real Oviedo,42.0,12.0,12.0,18.0,48.0,1996-97
18.0,Rayo Vallecano,42.0,13.0,6.0,23.0,45.0,1996-97
19.0,Extremadura,42.0,11.0,11.0,20.0,44.0,1996-97
20.0,Sevilla,42.0,12.0,7.0,23.0,43.0,1996-97
21.0,Hercules,42.0,12.0,5.0,25.0,41.0,1996-97
22.0,Logroñés,42.0,9.0,6.0,27.0,33.0,1996-97
1.0,Barcelona,38.0,23.0,5.0,10.0,74.0,1997-98
2.0,Athletic Club,38.0,17.0,14.0,7.0,65.0,1997-98
3.0,Real Sociedad,38.0,16.0,15.0,7.0,63.0,1997-98
4.0,Real Madrid,38.0,17.0,12.0,9.0,63.0,1997-98
5.0,Mallorca,38.0,16.0,12.0,10.0,60.0,1997-98
6.0,Celta de Vigo,38.0,17.0,9.0,12.0,60.0,1997-98
7.0,Atletico de Madrid,38.0,16.0,12.0,10.0,60.0,1997-98
8.0,Real Betis,38.0,17.0,8.0,13.0,59.0,1997-98
9.0,Valencia,38.0,16.0,7.0,15.0,55.0,1997-98
10.0,Espanol,38.0,12.0,17.0,9.0,53.0,1997-98
11.0,Real Valladolid,38.0,13.0,11.0,14.0,50.0,1997-98
12.0,Deportivo de La Coruña,38.0,12.0,13.0,13.0,49.0,1997-98
13.0,Zaragoza,38.0,12.0,12.0,14.0,48.0,1997-98
14.0,Racing de Santander,38.0,12.0,9.0,17.0,45.0,1997-98
15.0,Salamanca,38.0,12.0,9.0,17.0,45.0,1997-98
16.0,Tenerife,38.0,11.0,12.0,15.0,45.0,1997-98
17.0,Compostela,38.0,11.0,11.0,16.0,44.0,1997-98
18.0,Real Oviedo,38.0,9.0,13.0,16.0,40.0,1997-98
19.0,Merida,38.0,9.0,12.0,17.0,39.0,1997-98
20.0,Sporting de Gijon,38.0,2.0,7.0,29.0,13.0,1997-98
1.0,Barcelona,38.0,24.0,7.0,7.0,79.0,1998-99
2.0,Real Madrid,38.0,21.0,5.0,12.0,68.0,1998-99
3.0,Mallorca,38.0,20.0,6.0,12.0,66.0,1998-99
4.0,Valencia,38.0,19.0,8.0,11.0,65.0,1998-99
5.0,Celta de Vigo,38.0,17.0,13.0,8.0,64.0,1998-99
6.0,Deportivo,38.0,17.0,12.0,9.0,63.0,1998-99
7.0,Espanol,38.0,16.0,13.0,9.0,61.0,1998-99
8.0,Athletic Club,38.0,17.0,9.0,12.0,60.0,1998-99
9.0,Zaragoza,38.0,16.0,9.0,13.0,57.0,1998-99
10.0,Real Sociedad,38.0,14.0,12.0,12.0,54.0,1998-99
11.0,Real Betis,38.0,14.0,7.0,17.0,49.0,1998-99
12.0,Real Valladolid,38.0,13.0,9.0,16.0,48.0,1998-99
13.0,Atletico de Madrid,38.0,12.0,10.0,16.0,46.0,1998-99
14.0,Real Oviedo,38.0,11.0,12.0,15.0,45.0,1998-99
15.0,Racing de Santander,38.0,10.0,12.0,16.0,42.0,1998-99
16.0,Dep Alavés,38.0,11.0,7.0,20.0,40.0,1998-99
17.0,Extremadura,38.0,9.0,12.0,17.0,39.0,1998-99
18.0,Villarreal,38.0,8.0,12.0,18.0,36.0,1998-99
19.0,Tenerife,38.0,7.0,13.0,18.0,34.0,1998-99
20.0,Salamanca,38.0,7.0,6.0,25.0,27.0,1998-99
1.0,Real Madrid,38.0,24.0,8.0,6.0,80.0,2000-01
2.0,Deportivo de La Coruña,38.0,22.0,7.0,9.0,73.0,2000-01
3.0,Mallorca,38.0,20.0,11.0,7.0,71.0,2000-01
4.0,Barcelona,38.0,17.0,12.0,9.0,63.0,2000-01
5.0,Valencia,38.0,18.0,9.0,11.0,63.0,2000-01
6.0,Celta de Vigo,38.0,16.0,11.0,11.0,59.0,2000-01
7.0,Villarreal,38.0,16.0,9.0,13.0,57.0,2000-01
8.0,CD Malaga,38.0,16.0,8.0,14.0,56.0,2000-01
9.0,Espanol,38.0,14.0,8.0,16.0,50.0,2000-01
10.0,Deportivo Alavés,38.0,14.0,7.0,17.0,49.0,2000-01
11.0,Las Palmas,38.0,13.0,7.0,18.0,46.0,2000-01
12.0,Athletic Club,38.0,11.0,10.0,17.0,43.0,2000-01
13.0,Real Sociedad,38.0,11.0,10.0,17.0,43.0,2000-01
14.0,Rayo Vallecano,38.0,10.0,13.0,15.0,43.0,2000-01
15.0,Osasuna,38.0,10.0,12.0,16.0,42.0,2000-01
16.0,Real Valladolid,38.0,9.0,15.0,14.0,42.0,2000-01
17.0,Zaragoza,38.0,9.0,15.0,14.0,42.0,2000-01
18.0,Real Oviedo,38.0,11.0,8.0,19.0,41.0,2000-01
19.0,Racing de Santander,38.0,10.0,9.0,19.0,39.0,2000-01
20.0,Numancia,38.0,10.0,9.0,19.0,39.0,2000-01
1.0,Valencia,38.0,21.0,12.0,5.0,75.0,2001-02
2.0,Deportivo de La Coruña,38.0,20.0,8.0,10.0,68.0,2001-02
3.0,Real Madrid,38.0,19.0,9.0,10.0,66.0,2001-02
4.0,Barcelona,38.0,18.0,10.0,10.0,64.0,2001-02
5.0,Celta de Vigo,38.0,16.0,12.0,10.0,60.0,2001-02
6.0,Real Betis,38.0,15.0,14.0,9.0,59.0,2001-02
7.0,Deportivo Alavés,38.0,17.0,3.0,18.0,54.0,2001-02
8.0,Sevilla,38.0,14.0,11.0,13.0,53.0,2001-02
9.0,Athletic Club,38.0,14.0,11.0,13.0,53.0,2001-02
10.0,CD Malaga,38.0,13.0,14.0,11.0,53.0,2001-02
11.0,Rayo Vallecano,38.0,13.0,10.0,15.0,49.0,2001-02
12.0,Real Valladolid,38.0,13.0,9.0,16.0,48.0,2001-02
13.0,Real Sociedad,38.0,13.0,8.0,17.0,47.0,2001-02
14.0,Espanol,38.0,13.0,8.0,17.0,47.0,2001-02
15.0,Villarreal,38.0,11.0,10.0,17.0,43.0,2001-02
16.0,Mallorca,38.0,11.0,10.0,17.0,43.0,2001-02
17.0,Osasuna,38.0,10.0,12.0,16.0,42.0,2001-02
18.0,Las Palmas,38.0,9.0,13.0,16.0,40.0,2001-02
19.0,Tenerife,38.0,10.0,8.0,20.0,38.0,2001-02
20.0,Zaragoza,38.0,9.0,10.0,19.0,37.0,2001-02
1.0,Barcelona,38.0,25.0,9.0,4.0,84.0,2004-05
2.0,Real Madrid,38.0,25.0,5.0,8.0,80.0,2004-05
3.0,Villarreal,38.0,18.0,11.0,9.0,65.0,2004-05
4.0,Real Betis,38.0,16.0,14.0,8.0,62.0,2004-05
5.0,Espanol,38.0,17.0,10.0,11.0,61.0,2004-05
6.0,Sevilla,38.0,17.0,9.0,12.0,60.0,2004-05
7.0,Valencia,38.0,14.0,16.0,8.0,58.0,2004-05
8.0,Deportivo de La Coruña,38.0,12.0,15.0,11.0,51.0,2004-05
9.0,Athletic Club,38.0,14.0,9.0,15.0,51.0,2004-05
10.0,CD Malaga,38.0,15.0,6.0,17.0,51.0,2004-05
11.0,Atletico de Madrid,38.0,13.0,11.0,14.0,50.0,2004-05
12.0,Zaragoza,38.0,14.0,8.0,16.0,50.0,2004-05
13.0,Getafe,38.0,12.0,11.0,15.0,47.0,2004-05
14.0,Real Sociedad,38.0,13.0,8.0,17.0,47.0,2004-05
15.0,Osasuna,38.0,12.0,10.0,16.0,46.0,2004-05
16.0,Racing de Santander,38.0,12.0,8.0,18.0,44.0,2004-05
17.0,Mallorca,38.0,10.0,9.0,19.0,39.0,2004-05
18.0,Levante,38.0,9.0,10.0,19.0,37.0,2004-05
19.0,Numancia,38.0,6.0,11.0,21.0,29.0,2004-05
20.0,Albacete,38.0,6.0,10.0,22.0,28.0,2004-05
1.0,Real Madrid,38.0,23.0,7.0,8.0,76.0,2006-07
2.0,Barcelona,38.0,22.0,10.0,6.0,76.0,2006-07
3.0,Sevilla,38.0,21.0,8.0,9.0,71.0,2006-07
4.0,Valencia,38.0,20.0,6.0,12.0,66.0,2006-07
5.0,Villarreal,38.0,18.0,8.0,12.0,62.0,2006-07
6.0,Zaragoza,38.0,16.0,12.0,10.0,60.0,2006-07
7.0,Atlético de Madrid,38.0,17.0,9.0,12.0,60.0,2006-07
8.0,Recreativo de Huelva,38.0,15.0,9.0,14.0,54.0,2006-07
9.0,Getafe,38.0,14.0,10.0,14.0,52.0,2006-07
10.0,Racing de Santander,38.0,12.0,14.0,12.0,50.0,2006-07
11.0,Espanol,38.0,12.0,13.0,13.0,49.0,2006-07
12.0,Mallorca,38.0,14.0,7.0,17.0,49.0,2006-07
13.0,Deportivo de La Coruña,38.0,12.0,11.0,15.0,47.0,2006-07
14.0,Osasuna,38.0,13.0,7.0,18.0,46.0,2006-07
15.0,Levante,38.0,10.0,12.0,16.0,42.0,2006-07
16.0,Real Betis,38.0,8.0,16.0,14.0,40.0,2006-07
17.0,Athletic Club,38.0,10.0,10.0,18.0,40.0,2006-07
18.0,Celta de Vigo,38.0,10.0,9.0,19.0,39.0,2006-07
19.0,Real Sociedad,38.0,8.0,11.0,19.0,35.0,2006-07
20.0,Gimnastic de Tarragona,38.0,7.0,7.0,24.0,28.0,2006-07
1.0,Barcelona,38.0,27.0,6.0,5.0,87.0,2008-09
2.0,Real Madrid,38.0,25.0,3.0,10.0,78.0,2008-09
3.0,Sevilla,38.0,21.0,7.0,10.0,70.0,2008-09
4.0,Atletico de Madrid,38.0,20.0,7.0,11.0,67.0,2008-09
5.0,Villarreal,38.0,18.0,11.0,9.0,65.0,2008-09
6.0,Valencia,38.0,18.0,8.0,12.0,62.0,2008-09
7.0,Deportivo de La Coruña,38.0,16.0,10.0,12.0,58.0,2008-09
8.0,CD Malaga,38.0,15.0,10.0,13.0,55.0,2008-09
9.0,Mallorca,38.0,14.0,9.0,15.0,51.0,2008-09
10.0,Espanol,38.0,12.0,11.0,15.0,47.0,2008-09
11.0,Almeria,38.0,13.0,7.0,18.0,46.0,2008-09
12.0,Racing de Santander,38.0,12.0,10.0,16.0,46.0,2008-09
13.0,Athletic Club,38.0,12.0,8.0,18.0,44.0,2008-09
14.0,Sporting de Gijon,38.0,14.0,1.0,23.0,43.0,2008-09
15.0,Osasuna,38.0,10.0,13.0,15.0,43.0,2008-09
16.0,Real Valladolid,38.0,12.0,7.0,19.0,43.0,2008-09
17.0,Getafe,38.0,10.0,12.0,16.0,42.0,2008-09
18.0,Real Betis,38.0,10.0,12.0,16.0,42.0,2008-09
19.0,Numancia,38.0,10.0,5.0,23.0,35.0,2008-09
20.0,Recreativo de Huelva,38.0,8.0,9.0,21.0,33.0,2008-09
1.0,Barcelona,38.0,31.0,6.0,1.0,99.0,2009-10
2.0,Real Madrid,38.0,31.0,3.0,4.0,96.0,2009-10
3.0,Valencia,38.0,21.0,8.0,9.0,71.0,2009-10
4.0,Sevilla,38.0,19.0,6.0,13.0,63.0,2009-10
5.0,Mallorca,38.0,18.0,8.0,12.0,62.0,2009-10
6.0,Getafe,38.0,17.0,7.0,14.0,58.0,2009-10
7.0,Villarreal,38.0,16.0,8.0,14.0,56.0,2009-10
8.0,Athletic Club,38.0,15.0,9.0,14.0,54.0,2009-10
9.0,Atletico de Madrid,38.0,13.0,8.0,17.0,47.0,2009-10
10.0,Deportivo de La Coruña,38.0,13.0,8.0,17.0,47.0,2009-10
11.0,Espanol,38.0,11.0,11.0,16.0,44.0,2009-10
12.0,Osasuna,38.0,11.0,10.0,17.0,43.0,2009-10
13.0,Almeria,38.0,10.0,12.0,16.0,42.0,2009-10
14.0,Zaragoza,38.0,10.0,11.0,17.0,41.0,2009-10
15.0,Sporting de Gijon,38.0,9.0,13.0,16.0,40.0,2009-10
16.0,Racing de Santander,38.0,9.0,12.0,17.0,39.0,2009-10
17.0,CD Malaga,38.0,7.0,16.0,15.0,37.0,2009-10
18.0,Real Valladolid,38.0,7.0,15.0,16.0,36.0,2009-10
19.0,Tenerife,38.0,9.0,9.0,20.0,36.0,2009-10
20.0,Xerez,38.0,8.0,10.0,20.0,34.0,2009-10
