Atletico de Bilbao,1970-71,1,2,1,0,2,0,1,0,0,1,2,0,2,0,1,0,0,0,0,0,2,0,2,2,2,0,1,1,2,0
Barcelona,1970-71,1,0,1,0,0,0,0,2,0,0,2,0,0,2,0,2,0,0,2,1,0,2,1,0,0,0,0,0,0,1
Las Palmas,1970-71,1,2,1,1,1,2,2,0,1,2,1,1,2,0,2,2,1,2,2,0,0,2,2,0,2,2,2,1,2,1
Atletico de Madrid,1970-71,1,0,0,0,0,0,1,1,2,0,1,0,1,0,2,0,2,0,2,0,0,0,2,0,1,0,0,0,1,1
Real Madrid,1970-71,0,2,0,1,1,0,2,1,2,0,0,1,1,0,0,2,0,2,0,0,1,0,0,0,0,2,0,0,0,1
Valencia,1970-71,2,0,2,1,1,0,0,0,0,1,0,2,0,0,0,0,1,1,0,1,0,0,1,2,0,0,0,0,0,2
Celta de Vigo,1970-71,0,2,1,2,0,1,0,0,1,0,2,0,2,0,0,2,1,2,0,2,0,0,2,0,0,0,2,0,2,1
Sporting de Gijon,1970-71,2,0,2,2,1,2,1,0,2,0,0,2,1,2,1,0,2,0,2,2,2,0,2,0,0,2,2,2,0,1
Elche,1970-71,1,2,0,2,2,2,1,1,1,2,1,1,1,2,2,2,2,2,1,1,2,2,0,2,1,0,2,2,2,0
Granada,1970-71,1,0,2,1,2,0,0,2,1,2,1,2,0,2,0,0,2,0,2,1,2,1,0,2,2,2,1,1,0,0
Espanol,1970-71,2,2,1,0,1,2,1,2,1,2,0,1,0,2,2,2,0,2,0,1,2,2,0,1,2,1,0,1,2,0
Sevilla,1970-71,0,0,0,1,0,2,1,1,2,2,0,2,0,2,0,0,2,1,0,1,0,2,0,2,1,2,0,2,0,2
Sabadell,1970-71,1,2,0,2,2,2,0,2,1,0,2,1,2,0,2,2,0,2,0,2,0,2,0,2,1,1,2,2,2,2
Real Sociedad,1970-71,1,0,1,1,1,0,2,2,0,1,0,2,0,2,2,0,0,0,2,1,2,1,0,2,2,2,2,1,0,1
Zaragoza,1970-71,1,2,2,2,1,1,2,1,1,2,2,0,2,0,1,2,2,2,2,2,2,0,2,1,2,2,2,1,2,1
CD Malaga,1970-71,1,0,2,0,1,2,2,1,1,1,2,1,2,2,1,0,1,0,1,1,1,2,2,0,0,0,0,2,1,2
Atletico de Bilbao,1971-72,2,2,2,2,0,1,2,1,0,0,2,0,2,0,2,2,0,2,0,0,0,2,0,0,2,2,2,0,0,0
Las Palmas,1971-72,0,1,0,1,2,1,2,0,1,1,2,0,0,2,0,2,1,0,2,2,2,0,0,0,1,0,2,0,2,0
Valencia,1971-72,1,1,0,0,0,0,0,1,1,0,2,1,2,0,0,0,2,2,0,2,0,2,0,1,0,2,1,0,2,0
Espanol,1971-72,1,0,1,0,2,1,2,0,2,1,0,2,2,0,0,0,2,0,2,2,2,0,2,1,2,0,2,2,1,1
Barcelona,1971-72,0,2,2,2,1,1,0,1,2,2,1,0,0,0,0,0,1,1,0,0,0,1,1,0,0,0,1,0,2,0
Real Sociedad,1971-72,2,0,2,1,2,0,1,2,0,1,0,2,0,0,0,0,0,1,2,2,0,0,2,0,2,2,0,2,1,2
Celta de Vigo,1971-72,0,1,2,2,2,2,2,1,0,0,2,0,1,2,2,0,1,1,0,1,1,0,2,2,1,0,2,0,1,1
Atletico de Madrid,1971-72,2,0,0,2,1,0,1,2,1,1,1,0,0,0,0,2,0,1,2,2,2,1,2,0,1,0,0,1,1,1
Deportivo,1971-72,0,2,0,2,0,2,1,2,2,2,0,1,2,1,2,0,2,1,1,0,0,2,1,2,1,2,0,2,0,2
Cordoba,1971-72,2,1,2,1,1,2,0,2,2,1,0,2,0,2,2,2,0,1,1,1,2,1,0,1,1,1,2,1,1,2
Granada,1971-72,0,2,1,1,0,2,1,1,0,2,0,2,2,1,2,0,2,2,0,0,0,2,0,2,1,1,0,2,0,0
CD Malaga,1971-72,2,0,0,0,1,1,1,2,1,0,1,1,1,1,0,2,1,0,1,1,2,1,2,2,0,2,1,1,1,1
Real Madrid,1971-72,0,0,0,1,0,1,0,0,1,1,1,2,0,1,0,0,0,1,1,1,0,0,0,2,0,0,0,2,0,2
Betis,1971-72,2,1,2,0,2,1,1,0,2,0,2,1,2,2,2,0,2,1,2,0,2,0,1,0,1,1,0,1,1,0
Sabadell,1971-72,2,2,0,0,2,1,2,1,2,0,1,0,2,1,2,2,1,2,0,2,1,2,2,1,2,1,2,1,2,0
Sporting de Gijon,1971-72,0,0,2,0,2,0,2,1,0,2,2,0,2,1,2,2,1,0,2,0,2,0,1,0,2,1,1,0,1,2
Sevilla,1971-72,0,1,2,1,0,1,0,0,0,2,1,2,0,2,0,2,2,2,1,1,2,2,2,2,1,1,0,1,2,2
Burgos,1971-72,2,2,0,2,0,1,0,1,1,2,0,2,0,2,2,2,0,0,1,1,0,2,0,2,0,2,2,2,0,2
Sporting de Gijon,1972-73,0,2,1,2,0,2,0,2,2,1,0,1,2,0,2,1,2,2,0,2,0,1,0,2,0,2,1,2,2,0
Betis,1972-73,2,2,2,2,1,1,2,1,1,0,0,1,1,2,2,1,0,0,2,0,2,1,2,0,2,1,2,1,1,1
Granada,1972-73,1,1,1,2,1,2,1,0,0,2,0,1,0,2,2,2,0,2,0,1,0,1,2,2,1,2,0,1,1,2
Zaragoza,1972-73,1,0,0,1,0,1,1,2,0,2,1,0,2,2,0,1,2,0,2,1,2,2,0,1,0,2,1,2,1,1
Las Palmas,1972-73,0,0,1,2,0,2,2,2,2,1,1,1,2,0,2,0,1,2,0,2,2,2,0,0,1,2,1,0,2,0
Oviedo,1972-73,2,2,2,0,2,1,1,0,1,2,2,1,1,1,1,2,0,0,2,1,2,0,1,0,0,1,2,2,0,0
CD Malaga,1972-73,1,1,1,0,2,0,0,2,1,0,1,0,2,1,0,0,2,2,0,0,2,1,2,2,1,0,2,0,2,1
Atletico de Bilbao,1972-73,1,1,0,0,2,0,2,2,2,0,2,1,1,0,1,2,0,0,2,1,2,0,2,2,1,0,2,0,2,1
Atletico de Madrid,1972-73,2,0,0,0,1,2,0,0,0,1,2,1,0,0,0,1,1,0,0,2,2,2,0,0,1,0,0,0,0,0
Valencia,1972-73,0,2,1,1,1,0,1,1,2,2,0,2,0,2,0,1,1,2,1,1,0,2,2,2,0,2,0,2,0,1
Barcelona,1972-73,0,0,0,0,0,1,0,2,1,1,0,1,0,2,1,0,0,0,1,1,0,1,2,0,0,2,0,2,0,2
Deportivo,1972-73,2,1,2,0,1,1,0,1,1,2,2,2,0,2,0,2,1,2,2,1,1,0,1,2,1,2,0,2,0,2
Burgos,1972-73,0,2,1,2,1,2,0,2,0,2,1,2,2,2,1,0,2,2,0,2,1,2,0,2,2,0,0,2,2,2
Real Sociedad,1972-73,2,1,0,1,2,0,2,0,2,0,0,0,1,0,2,0,2,0,2,0,2,1,2,2,2,0,1,0,2,2
Castellon,1972-73,2,2,2,1,0,2,2,0,0,1,2,1,0,0,2,0,2,2,0,1,0,1,0,0,2,0,2,0,1,1
Real Madrid,1972-73,0,0,1,2,2,0,1,1,0,0,2,0,0,2,0,2,0,0,2,0,0,1,0,1,1,0,0,1,0,2
Celta de Vigo,1972-73,1,1,2,2,1,0,2,0,2,1,2,2,2,0,1,1,2,2,0,2,0,0,2,0,1,2,2,1,1,0
Espanol,1972-73,1,0,1,0,1,1,1,0,1,0,0,1,2,0,1,2,0,0,2,0,0,0,0,0,2,0,2,0,1,0
Espanol,1973-74,0,2,0,2,1,2,0,2,0,1,2,0,2,0,2,0,2,2,0,2,1,0,1,2,0,1,1,1,0,0
Murcia,1973-74,2,1,1,0,1,0,1,1,1,2,0,2,0,2,2,2,1,0,2,2,2,2,1,2,0,2,1,0,0,2
Real Sociedad,1973-74,2,1,0,1,0,2,0,2,0,2,0,1,0,2,2,1,2,2,0,0,0,1,2,0,1,0,1,0,0,2
Granada,1973-74,0,1,1,0,1,2,2,2,1,2,0,1,0,2,0,2,0,0,0,0,2,1,1,2,1,1,0,2,1,1
Real Madrid,1973-74,1,1,1,2,0,1,1,1,0,2,0,2,0,2,0,1,1,2,2,0,0,2,2,2,0,0,0,2,0,2
Castellon,1973-74,1,0,1,2,1,2,2,2,0,1,1,2,2,1,1,2,0,0,2,2,0,0,2,2,0,1,1,2,1,2
Valencia,1973-74,0,2,0,0,2,0,0,0,2,0,1,1,2,2,2,2,2,0,2,0,1,0,0,1,2,2,2,0,1,0
Oviedo,1973-74,2,0,1,0,2,0,2,1,2,0,2,2,2,2,2,0,0,2,0,0,2,2,1,2,2,1,2,2,2,0
Celta de Vigo,1973-74,0,2,0,1,0,2,2,2,0,1,2,2,2,0,1,0,1,2,0,2,0,2,1,1,0,2,0,0,2,0
Atletico de Bilbao,1973-74,2,0,2,0,1,0,1,2,0,2,0,0,1,0,0,1,0,0,2,2,2,1,0,0,2,2,1,2,0,2
Elche,1973-74,0,2,1,2,0,2,2,1,2,1,2,0,0,0,0,1,2,2,2,2,1,0,2,0,2,0,1,2,2,0
Barcelona,1973-74,2,1,2,0,2,1,0,0,1,0,1,0,0,0,0,0,0,0,0,0,1,0,0,0,1,0,1,0,0,1
Sporting de Gijon,1973-74,2,2,2,2,0,2,0,0,0,2,0,2,0,2,0,2,1,2,0,2,0,0,2,2,0,1,1,2,2,2
Atletico de Madrid,1973-74,0,0,2,0,2,0,2,0,2,1,2,0,1,1,2,0,2,0,0,0,1,0,0,0,1,2,1,0,2,0
Las Palmas,1973-74,0,2,0,2,2,0,2,0,2,0,2,0,2,0,2,0,2,2,2,2,1,2,0,0,2,1,1,0,1,1
CD Malaga,1973-74,2,0,1,1,1,0,1,0,1,0,2,2,2,0,0,2,0,0,0,0,2,1,1,0,2,1,1,0,2,1
Santander,1973-74,1,1,1,2,0,2,0,1,2,1,0,1,2,1,2,0,2,2,2,2,0,2,2,2,0,1,2,1,2,0
Zaragoza,1973-74,1,0,2,1,2,0,0,1,2,0,1,0,0,1,0,2,0,0,2,0,2,2,0,0,2,0,1,2,0,2
Espanol,1974-75,0,1,0,0,0,2,0,2,0,2,1,1,0,2,0,2,2,2,0,1,0,1,2,2,0,2,2,2,0,2
Celta de Vigo,1974-75,2,0,1,2,2,2,1,2,0,2,0,1,1,1,0,1,0,0,1,2,0,2,1,2,0,2,0,2,0,2
Sporting de Gijon,1974-75,0,0,2,2,1,0,2,0,1,1,1,1,2,0,2,0,1,2,1,1,1,2,2,0,2,1,2,0,2,0
Zaragoza,1974-75,2,0,0,1,2,0,2,0,2,0,1,0,2,1,0,1,0,0,1,1,1,0,2,0,2,0,2,1,0,0
Hercules,1974-75,1,2,2,1,1,0,0,2,1,0,2,0,2,1,2,2,0,1,1,1,1,1,1,2,0,1,0,0,1,0
Murcia,1974-75,1,0,2,1,2,0,2,1,2,1,1,2,2,2,0,2,2,1,2,0,2,1,1,1,2,0,2,2,2,2
Las Palmas,1974-75,0,1,1,1,2,2,0,2,0,1,1,2,1,2,2,0,2,2,0,1,0,2,0,2,0,2,0,2,1,2
Betis,1974-75,2,1,1,0,1,2,0,2,0,0,0,2,0,2,0,2,0,0,2,0,2,2,1,1,2,2,0,2,0,2
CD Malaga,1974-75,0,2,2,0,2,2,2,1,2,0,2,0,2,0,2,2,2,2,0,0,1,0,1,1,2,0,0,0,2,1
Atletico de Bilbao,1974-75,2,2,2,1,1,0,2,0,2,2,1,0,0,0,2,2,0,0,1,1,1,1,2,0,2,0,2,0,2,0
Real Sociedad,1974-75,0,2,0,2,1,2,0,2,1,1,1,1,1,1,0,0,0,2,1,2,0,0,0,2,1,1,0,1,1,2
Barcelona,1974-75,2,0,0,0,1,0,1,0,2,0,2,0,2,0,2,1,2,0,2,1,2,1,2,0,2,0,2,0,0,1
Valencia,1974-75,2,2,0,2,0,2,2,0,0,1,1,1,1,0,2,1,0,2,1,1,0,2,0,0,2,1,2,0,2,0
Real Madrid,1974-75,0,0,1,0,0,0,1,0,1,0,1,1,0,2,0,0,1,0,1,0,1,0,0,0,0,0,2,0,1,2
Atletico de Madrid,1974-75,1,2,0,2,0,2,1,1,1,1,0,1,1,0,2,1,2,1,0,2,1,2,0,2,0,1,0,2,1,0
Granada,1974-75,1,1,2,0,1,0,0,1,1,2,1,2,0,2,0,0,1,1,2,1,2,0,2,2,0,2,0,2,2,1
Salamanca,1974-75,0,2,1,1,1,2,0,2,2,2,1,1,1,0,2,0,1,0,0,2,1,1,0,1,0,1,2,1,1,0
Elche,1974-75,2,0,1,2,0,0,2,0,0,2,1,2,0,2,0,1,2,2,2,1,2,0,1,0,1,2,0,1,0,1
Elche,1975-76,2,2,0,2,0,2,2,1,1,2,0,1,1,1,2,1,1,2,1,2,0,2,1,2,1,2,0,2,1,2
Barcelona,1975-76,0,0,2,0,0,2,0,1,1,2,0,1,0,2,0,1,0,0,2,0,2,0,0,2,0,1,0,2,0,2
Espanol,1975-76,0,0,0,2,2,0,2,0,2,0,2,0,2,0,2,0,0,2,0,1,1,0,1,2,2,0,2,0,2,0
Hercules,1975-76,2,0,2,0,0,0,0,1,1,0,2,0,1,0,1,2,1,0,1,2,2,1,1,0,2,1,1,1,2,0
Sporting de Gijon,1975-76,1,1,2,2,2,2,0,2,0,1,2,2,2,1,2,1,2,1,0,2,0,1,0,2,0,2,1,2,1,0
Granada,1975-76,1,0,1,0,2,1,2,1,0,2,1,0,0,2,0,2,1,1,1,1,2,2,2,2,0,2,1,2,0,2
Real Sociedad,1975-76,0,2,2,0,2,1,0,0,1,1,2,1,2,1,2,2,1,2,0,0,1,1,2,1,2,0,0,0,2,0
Betis,1975-76,2,2,0,2,0,0,0,1,1,0,1,2,2,0,1,2,0,0,2,0,2,0,2,0,2,1,2,0,2,0
Real Madrid,1975-76,0,1,0,0,0,1,0,1,1,0,0,1,1,0,2,0,2,2,0,0,0,1,0,0,0,0,2,0,1,0
Santander,1975-76,2,0,0,0,2,1,2,1,1,0,0,2,0,2,0,2,2,0,2,0,2,0,2,0,2,0,2,2,0,2
Sevilla,1975-76,0,2,0,2,0,1,0,2,1,2,1,2,0,2,0,0,1,0,1,2,0,2,0,2,0,2,0,2,0,2
Las Palmas,1975-76,2,0,2,2,2,0,2,1,2,1,2,2,2,0,0,0,2,2,2,1,0,1,0,0,1,0,2,0,2,0
Valencia,1975-76,0,2,2,0,0,2,2,1,0,1,2,0,2,0,2,2,0,2,1,2,2,1,1,0,2,0,1,0,2,1
Oviedo,1975-76,2,1,2,0,2,2,2,1,2,2,2,0,1,2,2,0,2,0,2,0,2,0,1,0,2,0,2,0,2,2
Salamanca,1975-76,0,2,1,2,0,0,2,1,0,1,0,2,1,2,0,1,1,2,0,1,1,2,1,2,0,2,2,2,0,2
Atletico de Bilbao,1975-76,2,0,0,2,0,1,0,1,1,1,0,2,0,2,1,1,1,0,1,2,0,2,0,2,0,1,0,2,0,1
Zaragoza,1975-76,0,2,0,2,2,2,2,2,2,2,1,0,1,0,1,1,1,2,0,2,0,2,2,1,0,2,0,0,1,0
Atletico de Madrid,1975-76,2,1,2,0,2,0,0,0,1,0,0,0,0,1,0,0,0,0,2,0,1,0,2,0,2,2,0,1,0,2
Atletico de Bilbao,1976-77,0,0,1,2,2,2,1,0,1,0,2,1,2,0,2,0,2,1,0,0,0,2,0,0,2,0,1,0,1,0
Santander,1976-77,2,0,2,0,1,0,2,0,2,1,2,0,2,1,1,0,2,1,2,1,2,0,2,1,2,0,2,0,2,0
Sevilla,1976-77,1,0,0,2,1,1,0,2,2,1,1,0,1,1,1,2,1,2,0,2,0,1,0,2,0,1,0,2,2,0
Elche,1976-77,1,1,2,2,1,0,2,2,0,1,0,2,0,2,0,2,0,0,2,0,2,1,1,0,2,2,1,2,1,0
Zaragoza,1976-77,1,2,0,2,0,2,2,2,0,2,1,1,1,2,2,1,1,2,1,2,0,0,0,2,0,1,1,2,0,2
Real Sociedad,1976-77,1,1,2,0,1,2,0,2,0,1,0,1,0,2,0,0,0,0,2,0,2,2,1,2,0,2,1,2,0,2
Atletico de Madrid,1976-77,0,2,0,2,0,0,0,0,0,2,1,1,2,1,0,0,0,1,0,1,0,0,1,1,0,2,0,0,0,2
CD Malaga,1976-77,2,0,1,0,2,1,2,0,2,1,2,1,2,2,2,2,2,1,2,2,2,1,2,2,2,2,2,0,2,2
Barcelona,1976-77,0,2,0,2,0,0,2,1,0,0,1,0,1,0,0,0,0,2,0,1,0,2,2,1,1,1,2,0,0,0
Las Palmas,1976-77,2,0,2,0,2,0,2,0,2,1,1,1,0,2,0,1,0,0,2,0,2,2,0,0,2,0,1,1,2,2
Burgos,1976-77,2,1,0,2,1,2,0,2,1,2,1,2,0,0,2,0,2,2,0,2,0,2,0,0,2,2,0,2,0,0
Espanol,1976-77,0,0,2,0,1,2,0,2,0,1,0,1,0,2,2,2,1,0,1,0,2,0,1,2,1,2,0,2,0,2
Hercules,1976-77,0,2,0,2,0,2,1,1,2,1,1,1,2,0,2,0,2,2,0,1,2,1,0,2,1,0,2,0,2,0
Betis,1976-77,2,2,2,0,1,0,2,0,2,0,1,2,0,0,0,2,2,0,2,0,2,1,1,0,1,0,2,1,0,0
Salamanca,1976-77,2,2,2,0,2,0,2,0,2,1,0,1,2,0,2,1,0,0,0,1,2,0,2,0,0,1,1,0,2,0
Real Madrid,1976-77,0,2,2,0,1,0,0,0,2,1,2,0,2,0,1,2,0,2,2,1,0,1,2,0,1,1,1,0,1,2
Valencia,1976-77,0,1,0,0,1,2,0,2,0,1,0,2,0,1,0,1,2,2,0,2,0,1,2,1,1,0,1,2,2,2
Celta de Vigo,1976-77,2,0,0,2,1,2,0,2,0,1,2,1,1,2,1,2,1,0,2,2,0,1,1,2,0,1,0,2,1,2
Las Palmas,1977-78,1,1,0,1,0,2,0,2,0,2,0,0,2,1,2,0,1,2,1,2,1,0,1,0,1,2,0,2,2,1
Burgos,1977-78,1,2,2,0,2,1,1,2,0,2,0,2,1,2,0,1,1,0,2,0,2,0,1,2,0,1,0,2,0,2
Sevilla,1977-78,0,2,0,2,1,2,0,2,0,2,0,1,0,1,0,1,1,2,1,2,2,0,0,2,1,2,0,2,0,1
Espanol,1977-78,2,0,2,2,0,2,0,2,0,2,1,2,0,2,0,2,0,0,2,2,0,2,0,1,1,1,0,1,2,0
Atletico de Bilbao,1977-78,1,2,1,2,0,1,0,1,0,2,0,2,0,2,0,0,1,1,0,2,0,0,1,2,0,2,0,2,0,1
Betis,1977-78,1,1,1,0,1,1,2,2,2,0,2,0,2,0,2,1,2,1,2,0,0,0,2,2,2,0,2,0,2,1
Atletico de Madrid,1977-78,0,2,1,2,2,0,2,0,2,0,2,0,2,0,2,0,2,1,0,2,0,2,2,0,2,0,0,0,0,2
Valencia,1977-78,2,0,1,0,2,0,2,0,2,0,1,0,2,0,2,1,0,1,0,1,2,2,0,0,1,0,2,0,0,0
Barcelona,1977-78,0,1,1,0,0,0,2,0,2,0,1,2,1,0,0,1,2,0,0,0,2,1,1,0,1,0,2,1,2,0
Real Sociedad,1977-78,2,0,2,0,2,0,1,0,2,2,2,1,0,1,0,2,0,2,2,0,1,1,1,0,1,1,2,0,2,0
Cadiz,1977-78,0,2,0,2,2,2,2,1,1,0,2,1,2,0,2,1,1,2,2,2,2,1,0,0,2,1,2,2,2,2
Rayo Vallecano,1977-78,2,0,1,1,2,0,2,0,2,0,2,0,0,1,0,1,0,0,2,0,1,1,2,1,2,1,1,2,2,2
Hercules,1977-78,0,2,1,2,0,1,0,2,1,2,2,2,2,1,2,2,1,2,1,2,0,1,0,2,0,1,0,0,0,0
Sporting de Gijon,1977-78,2,1,0,0,2,2,1,1,0,2,1,1,0,2,0,1,0,0,1,0,0,0,2,0,2,0,1,2,0,1
Santander,1977-78,0,2,1,2,1,2,0,1,2,0,2,2,2,0,2,1,2,2,0,1,1,2,1,2,0,0,2,0,2,1
Elche,1977-78,2,0,2,0,1,0,2,0,2,0,0,2,2,2,2,2,1,0,1,0,2,2,2,0,2,2,2,0,2,2
Salamanca,1977-78,0,0,2,2,0,2,1,0,0,2,0,0,0,1,2,1,2,1,0,2,0,1,2,2,0,2,2,0,0,2
Real Madrid,1977-78,2,0,0,0,0,0,0,2,0,0,0,0,0,2,0,0,1,1,1,0,2,2,0,2,0,2,0,2,0,0
Atletico de Bilbao,1978-79,0,1,0,1,0,2,0,1,0,2,2,0,2,0,2,1,2,2,2,1,0,2,1,2,0,0,2,0,1,1
Rayo Vallecano,1978-79,2,1,1,0,2,2,2,0,2,0,0,2,2,1,1,2,1,0,1,1,2,0,1,0,2,2,2,2,0,1
Sporting de Gijon,1978-79,0,2,0,2,0,1,0,2,0,2,0,1,0,0,0,1,0,1,1,0,0,2,0,0,0,1,2,2,0,1
Atletico de Madrid,1978-79,2,0,0,2,1,0,1,1,0,1,1,0,1,2,2,0,0,1,1,2,0,0,1,1,0,2,0,1,1,2
Las Palmas,1978-79,0,0,0,2,1,2,2,1,1,0,0,1,1,0,2,0,1,0,2,2,0,1,0,0,2,0,0,1,2,0
Sevilla,1978-79,2,1,1,0,1,1,1,0,2,0,2,0,0,2,0,1,1,2,0,1,2,0,2,1,2,0,2,0,2,0
Barcelona,1978-79,0,2,0,2,0,0,2,0,1,0,2,2,0,0,2,0,1,2,1,2,0,0,2,0,2,0,2,0,1,0
Santander,1978-79,2,2,2,1,2,0,2,1,0,0,2,0,2,2,0,2,1,0,0,1,2,0,2,2,2,2,2,0,2,2
Burgos,1978-79,1,1,1,1,1,1,1,2,1,0,2,0,2,2,0,0,2,2,1,1,0,2,0,2,0,2,0,1,0,0
Real Sociedad,1978-79,1,2,2,0,1,0,2,0,0,2,0,2,0,2,0,2,0,0,0,0,2,2,2,0,1,0,0,2,0,0
Celta de Vigo,1978-79,2,2,0,2,1,2,1,2,1,2,2,2,0,0,2,1,2,1,0,2,0,2,0,2,1,2,0,1,1,2
Espanol,1978-79,0,0,2,0,0,2,0,2,2,2,0,1,2,2,0,2,0,1,1,0,1,2,0,2,0,0,0,2,1,2
Hercules,1978-79,0,2,2,2,2,0,0,2,2,2,0,2,0,0,0,0,2,2,1,1,1,2,0,2,1,2,0,1,0,2
Salamanca,1978-79,2,1,2,0,2,1,0,0,2,1,2,0,2,1,2,0,1,0,2,0,2,0,2,0,1,1,2,0,2,2
Recreativo de Huel,1978-79,0,0,1,2,0,2,2,2,1,2,0,2,2,2,2,2,2,1,2,1,0,2,0,2,2,2,2,2,2,0
Zaragoza,1978-79,2,0,2,0,2,2,0,2,0,2,0,2,0,2,0,1,0,1,2,2,2,0,2,2,0,2,0,2,0,2
Real Madrid,1978-79,0,1,0,0,1,0,1,0,1,0,1,1,2,0,1,1,1,0,0,1,2,1,1,0,0,0,0,1,1,0
Valencia,1978-79,2,0,2,1,1,0,1,0,2,0,2,0,0,0,2,2,1,2,1,0,2,0,2,0,2,0,2,0,2,1
Betis,1979-80,2,2,1,2,1,2,2,1,1,0,1,0,2,1,2,1,1,0,0,1,0,0,1,0,1,0,2,0,2,0
Rayo Vallecano,1979-80,0,2,2,1,1,2,1,0,1,0,2,0,2,1,1,1,2,2,2,2,2,0,2,0,0,1,2,0,2,0
Espanol,1979-80,0,0,0,2,1,1,1,2,1,2,2,2,1,1,0,0,1,1,1,1,0,2,2,2,2,2,1,2,1,0
AD Almeria,1979-80,2,0,1,1,2,1,2,1,2,0,2,0,2,0,1,1,2,1,1,1,2,0,2,0,2,0,1,2,0,2
Sporting de Gijon,1979-80,0,0,0,0,0,0,0,1,2,2,1,0,2,1,2,0,0,2,1,2,0,2,0,1,0,2,0,2,1,2
Sevilla,1979-80,2,0,2,0,1,2,0,2,1,1,0,2,0,2,0,2,0,0,2,0,2,2,2,2,0,1,0,1,0,2
Real Sociedad,1979-80,0,0,1,1,0,1,0,1,0,0,0,1,0,1,1,0,1,1,0,1,0,1,0,0,1,1,0,0,1,0
Las Palmas,1979-80,2,0,2,0,2,0,1,0,1,2,0,2,0,2,0,2,0,1,2,0,1,1,0,0,0,2,0,2,2,2
Burgos,1979-80,0,2,1,2,1,2,1,2,0,2,1,2,0,1,1,2,1,2,0,2,1,2,1,2,1,2,2,2,2,0
CD Malaga,1979-80,2,2,0,1,0,2,0,2,1,2,1,2,2,2,1,2,2,0,1,2,0,1,0,2,2,2,2,0,2,2
Hercules,1979-80,2,2,0,1,1,2,0,2,1,2,0,1,1,1,1,0,2,2,0,2,1,2,1,2,0,2,1,2,1,2
Atletico de Madrid,1979-80,0,2,1,1,1,1,1,2,2,2,0,2,0,1,1,1,1,0,1,0,2,0,0,2,2,2,0,2,0,1
Real Madrid,1979-80,0,0,0,1,0,0,1,0,2,0,1,0,0,0,1,0,2,2,0,0,0,0,1,0,1,1,1,0,0,0
Valencia,1979-80,2,1,1,1,2,0,2,0,0,0,2,0,0,2,1,1,1,0,1,1,1,0,1,0,2,0,2,0,1,2
Salamanca,1979-80,0,1,0,1,0,0,0,2,1,2,2,2,2,0,2,1,2,2,1,0,1,2,2,2,1,0,2,0,1,2
Atletico de Bilbao,1979-80,2,2,2,2,1,0,2,0,1,0,0,2,0,2,0,1,0,0,2,0,2,0,2,0,0,0,1,2,0,2
Zaragoza,1979-80,1,2,2,0,2,2,2,0,0,0,1,0,2,0,2,1,0,2,1,1,2,2,0,2,2,0,0,0,2,1
Barcelona,1979-80,1,0,2,1,2,0,2,0,1,1,2,0,2,0,1,2,0,0,2,2,1,1,1,1,1,0,2,0,0,0
Espanol,1980-81,0,2,0,2,0,2,0,0,1,1,2,0,2,1,2,1,0,2,0,2,1,0,1,2,0,2,0,0,0,2
Hercules,1980-81,2,1,0,1,1,0,2,2,2,0,1,2,1,0,2,1,0,0,2,1,0,2,1,2,2,2,0,1,2,2
Sporting de Gijon,1980-81,0,1,0,1,1,2,0,1,1,2,0,2,1,1,2,0,0,2,0,2,0,1,0,0,0,1,0,2,2,0
Betis,1980-81,2,2,0,0,1,2,0,0,0,2,1,2,0,2,0,2,2,0,1,1,0,0,0,0,1,2,0,2,1,0
Sevilla,1980-81,0,2,0,0,0,2,2,0,1,0,2,0,0,1,2,1,2,1,1,2,0,1,0,1,1,0,2,0,2,0
Salamanca,1980-81,2,2,2,1,2,2,1,2,2,2,2,1,0,2,0,2,0,1,1,0,2,2,1,2,2,0,2,0,1,2
Valencia,1980-81,0,0,2,0,0,1,0,2,0,2,0,0,0,1,2,0,0,2,1,1,1,0,0,2,1,2,1,2,0,0
Real Sociedad,1980-81,2,0,0,1,1,2,0,0,0,2,0,2,0,1,0,1,2,0,0,0,2,2,1,2,0,0,0,1,0,0
AD Almeria,1980-81,2,1,2,1,2,1,2,1,2,1,2,0,2,2,2,0,2,2,1,0,2,1,2,0,2,0,2,2,2,2
Real Madrid,1980-81,0,0,2,0,2,0,2,0,2,0,1,0,2,0,1,2,1,0,1,0,1,2,2,0,0,0,2,0,0,0
Atletico de Bilbao,1980-81,2,2,0,1,2,0,2,2,1,0,2,2,2,0,0,0,2,0,1,1,0,0,2,0,2,1,1,1,0,2
Zaragoza,1980-81,0,0,0,0,1,1,2,2,2,0,1,2,2,2,1,1,0,2,1,2,1,1,2,0,2,2,2,1,1,0
Atletico de Madrid,1980-81,0,1,0,1,0,0,0,0,0,2,0,1,1,0,0,0,1,0,1,2,0,2,2,1,0,0,0,2,1,2
Valladolid,1980-81,2,1,2,2,1,0,2,0,2,0,2,0,1,1,2,1,1,2,1,1,2,0,1,2,1,0,0,1,1,0
Murcia,1980-81,2,0,2,2,1,1,0,2,2,1,2,2,2,2,2,0,2,2,1,0,1,2,0,2,1,2,2,0,2,0
Barcelona,1980-81,0,0,2,2,2,0,2,2,0,0,0,0,0,1,0,2,0,0,2,0,1,0,0,0,1,0,2,2,1,2
Osasuna,1980-81,0,2,2,1,0,0,0,2,0,1,0,2,0,1,0,2,1,2,2,1,2,2,1,2,2,2,0,1,0,2
Las Palmas,1980-81,2,1,2,2,1,2,1,0,0,2,0,0,2,0,0,2,2,0,1,2,2,0,2,0,0,2,2,0,2,2
Atletico de Madrid,1981-82,0,2,0,2,0,2,0,2,1,2,2,2,0,0,2,0,0,2,2,2,0,0,1,2,2,2,0,0,2,0
Atletico de Bilbao,1981-82,2,0,2,2,2,0,0,0,2,2,0,2,0,0,1,0,1,0,2,0,0,0,2,0,2,1,0,2,0,0
Barcelona,1981-82,0,2,0,0,0,0,1,0,2,0,1,0,0,0,1,0,2,2,0,1,0,0,0,0,0,0,1,0,2,2
Cadiz,1981-82,2,0,2,0,2,0,2,1,2,0,2,0,2,1,2,2,0,0,2,0,2,0,2,0,2,1,2,0,2,2
Castellon,1981-82,1,2,2,2,2,2,2,2,1,0,2,2,2,2,2,1,2,0,2,1,2,1,2,0,2,2,2,2,2,1
Las Palmas,1981-82,1,0,2,1,2,0,2,2,2,0,0,0,2,0,0,2,1,2,2,1,2,2,1,0,2,0,2,1,2,0
Hercules,1981-82,0,2,0,2,0,2,0,1,1,2,2,2,2,0,2,2,2,0,2,2,2,0,0,2,0,0,1,2,0,2
Espanol,1981-82,2,2,1,0,2,2,0,2,0,2,0,0,2,2,0,2,0,2,1,0,0,2,0,1,2,1,0,2,0,0
Santander,1981-82,0,2,0,2,0,2,1,2,1,0,0,2,2,0,2,2,2,1,0,1,0,1,2,0,1,0,2,0,2,1
Betis,1981-82,2,2,2,0,2,0,2,0,0,0,2,0,0,2,0,1,0,1,2,0,1,2,1,2,0,0,2,1,2,0
Real Sociedad,1981-82,0,0,0,1,0,0,1,0,2,0,1,0,2,0,2,0,1,1,0,2,0,0,0,2,1,0,2,0,2,0
Real Madrid,1981-82,2,0,1,0,1,0,2,0,0,0,0,2,0,0,0,2,0,1,0,0,0,0,2,1,2,1,1,1,0,2
Sevilla,1981-82,2,2,1,2,0,2,1,0,0,2,1,0,2,2,0,0,2,2,0,2,1,2,1,0,0,2,0,2,0,0
Osasuna,1981-82,0,0,1,0,0,1,2,2,2,2,2,2,0,2,0,2,2,0,0,0,2,0,2,2,0,2,0,1,1,1
Valladolid,1981-82,0,2,0,2,2,1,1,2,0,2,0,2,0,1,0,0,2,1,1,1,2,2,0,2,0,2,1,2,0,2
Sporting de Gijon,1981-82,2,0,2,0,2,0,1,1,1,0,2,0,2,2,2,0,1,1,0,1,2,2,1,2,2,2,2,0,1,2
Zaragoza,1981-82,0,0,1,0,1,2,0,0,1,2,1,0,0,2,2,0,0,2,1,2,2,2,1,2,0,0,0,2,0,2
Valencia,1981-82,2,0,1,2,0,2,0,1,0,2,0,2,0,2,0,2,0,0,1,2,0,2,0,0,0,2,0,0,0,1
Espanol,1982-83,0,2,2,1,1,2,0,1,0,2,0,2,0,2,0,0,2,0,1,2,0,1,2,2,0,2,0,2,1,2
Santander,1982-83,2,1,2,1,1,2,0,2,2,2,0,2,0,2,1,2,0,2,2,0,2,2,1,2,2,0,2,2,0,2
CD Malaga,1982-83,1,1,2,1,0,2,2,2,0,2,0,1,1,2,2,2,0,2,0,2,0,1,0,2,1,0,0,1,1,1
Sporting de Gijon,1982-83,1,1,0,0,1,1,1,1,1,1,0,1,1,2,0,2,0,0,1,2,0,2,1,2,1,2,0,2,1,2
Real Sociedad,1982-83,1,1,0,1,0,1,0,1,1,0,1,2,0,2,2,1,2,2,1,0,0,2,0,1,0,2,0,1,1,2
Las Palmas,1982-83,1,0,1,1,2,0,2,1,2,1,2,0,2,1,2,0,2,0,1,1,2,1,1,2,2,2,2,0,1,0
Valencia,1982-83,0,2,1,2,2,1,2,2,2,0,2,1,2,0,2,2,2,2,2,1,1,0,2,0,2,0,2,1,1,0
Barcelona,1982-83,2,0,1,1,1,0,0,1,0,0,1,1,0,0,2,2,0,0,0,0,1,0,0,0,1,2,1,1,0,0
Atletico de Madrid,1982-83,0,0,0,2,1,2,0,2,0,0,1,2,2,0,0,0,2,0,1,0,1,2,1,0,0,2,0,1,0,0
Salamanca,1982-83,2,0,0,2,1,1,0,2,1,2,2,2,0,2,0,1,0,2,1,0,2,0,2,1,0,2,1,2,1,2
Osasuna,1982-83,1,2,2,0,1,2,2,0,2,0,2,0,2,1,2,0,2,2,1,2,1,1,2,2,2,0,2,0,2,0
Atletico de Bilbao,1982-83,1,0,0,0,2,0,2,0,1,0,0,0,0,2,0,1,0,0,0,1,2,0,1,0,1,0,0,0,2,0
Sevilla,1982-83,0,2,1,2,0,0,0,0,1,2,1,0,1,0,1,1,0,2,1,2,0,1,0,2,0,0,2,1,1,1
Celta de Vigo,1982-83,2,2,2,1,2,1,2,0,0,2,2,1,2,1,0,0,0,0,2,2,2,1,1,0,2,2,2,2,2,2
Valladolid,1982-83,1,2,2,1,1,1,2,2,2,2,2,1,1,0,2,0,2,2,2,1,0,1,0,1,2,0,2,0,1,0
Real Madrid,1982-83,1,0,0,0,1,0,1,0,1,0,0,0,2,0,0,2,0,0,1,0,1,1,2,0,0,0,1,0,1,2
Zaragoza,1982-83,0,0,2,1,0,2,0,0,0,0,1,0,2,0,2,0,2,1,0,2,1,2,1,0,0,2,0,1,2,0
Betis,1982-83,2,2,0,1,1,0,2,1,2,2,1,2,0,1,0,2,2,1,1,0,2,0,1,1,2,0,1,1,0,2
Espanol,1983-84,2,2,0,2,0,2,0,1,1,1,1,0,0,1,0,0,2,2,0,2,1,1,2,1,1,1,1,2,1,0
Atletico de Madrid,1983-84,0,0,0,0,1,1,2,0,2,0,2,2,2,0,1,0,2,0,0,0,1,0,1,1,0,0,2,0,0,0
Sporting de Gijon,1983-84,1,2,0,2,1,2,0,1,0,0,1,2,2,0,2,0,2,0,2,0,1,0,1,1,0,2,2,2,1,2
Valencia,1983-84,1,0,0,0,2,0,0,2,2,2,2,0,0,2,1,2,1,2,2,1,2,1,0,2,1,0,0,1,2,2
Murcia,1983-84,0,0,1,1,1,1,1,2,0,2,1,0,2,2,2,0,1,1,0,2,0,2,1,2,0,1,2,0,1,2
Real Sociedad,1983-84,2,0,2,2,1,2,2,1,0,2,0,1,0,0,0,2,2,1,0,0,1,0,1,0,1,1,0,1,2,2
Mallorca,1983-84,1,1,2,2,1,2,2,1,2,2,2,2,2,1,1,0,2,1,1,1,1,1,0,1,2,1,0,1,2,2
Zaragoza,1983-84,1,2,1,0,2,0,2,0,0,0,0,2,0,1,1,2,0,1,2,0,1,1,2,0,0,2,2,2,1,1
Osasuna,1983-84,1,2,2,2,2,0,2,0,2,0,2,0,0,0,2,0,2,2,0,2,0,1,2,1,2,0,0,1,2,1
Salamanca,1983-84,1,1,2,1,1,1,2,2,2,0,2,0,2,1,2,2,0,0,1,2,2,2,2,2,2,0,2,1,2,1
Real Madrid,1983-84,0,2,2,0,0,2,0,0,0,2,0,0,1,0,0,0,0,2,0,1,1,0,0,0,0,2,1,1,0,2
Betis,1983-84,2,0,0,2,1,1,0,0,1,2,0,2,0,2,0,2,0,0,2,1,0,2,0,2,0,2,0,2,0,0
Sevilla,1983-84,0,2,2,0,1,0,1,1,1,0,2,1,2,2,0,0,2,2,2,0,2,1,2,0,2,0,1,0,2,0
Barcelona,1983-84,2,0,0,0,1,0,2,2,1,0,0,1,1,1,0,2,0,0,2,1,0,0,1,0,2,0,0,1,0,0
Valladolid,1983-84,1,2,0,2,0,1,0,2,1,2,0,2,0,2,2,2,2,2,0,2,0,1,0,2,2,2,2,1,1,0
CD Malaga,1983-84,1,0,2,0,0,0,1,2,0,2,0,1,2,1,1,2,0,0,2,1,1,1,1,1,2,2,2,2,0,1
Atletico de Bilbao,1983-84,0,0,0,2,1,2,0,1,1,0,1,0,1,0,1,0,0,0,0,0,2,2,0,1,0,1,0,0,1,0
Cadiz,1983-84,2,2,2,0,2,1,1,0,2,1,2,2,1,2,2,2,0,2,2,2,2,2,2,1,1,1,1,0,0,2
Atletico de Bilbao,1984-85,1,2,0,0,2,1,2,1,0,1,1,1,1,1,1,0,1,1,1,0,2,2,1,0,2,0,0,0,0,0
Valladolid,1984-85,1,0,2,1,1,2,1,2,1,1,1,1,2,0,0,2,2,1,2,1,1,1,1,0,2,1,0,0,2,2
Elche,1984-85,2,2,1,2,1,0,0,1,2,2,2,1,2,1,2,1,2,1,0,2,1,1,1,2,0,2,1,2,1,0
Valencia,1984-85,0,0,2,2,0,0,1,1,0,1,1,1,1,1,1,2,0,1,2,1,0,1,2,1,0,2,2,2,2,2
Espanol,1984-85,1,2,1,2,1,2,0,1,0,2,0,1,2,1,2,2,2,1,0,1,1,1,1,2,0,0,0,0,0,0
Atletico de Madrid,1984-85,1,0,0,0,2,0,0,1,2,2,1,1,0,1,2,1,0,1,1,0,0,0,0,0,2,1,1,0,0,0
Betis,1984-85,1,0,2,0,2,1,1,1,2,1,0,1,0,1,0,0,2,0,2,2,2,2,0,2,2,2,2,2,2,2
Real Sociedad,1984-85,1,2,0,2,0,2,1,1,1,0,1,1,0,1,0,0,2,2,0,1,2,1,0,2,1,1,0,2,2,0
CD Malaga,1984-85,2,0,2,2,0,2,1,1,0,1,2,1,1,1,0,0,0,2,2,2,1,2,0,1,1,1,1,2,1,2
Sevilla,1984-85,0,0,2,0,1,0,2,1,0,2,1,1,1,1,2,2,0,0,1,1,0,1,2,2,2,0,2,2,2,0
Osasuna,1984-85,0,2,0,1,1,2,0,0,2,2,2,2,0,1,2,2,0,1,1,1,0,2,2,0,0,2,1,0,0,2
Murcia,1984-85,2,2,2,0,2,2,1,2,2,1,1,1,2,1,2,1,0,1,0,1,1,1,2,2,2,2,2,2,0,2
Santander,1984-85,0,2,0,2,2,0,2,1,2,0,1,1,2,1,1,0,2,1,0,1,0,1,2,0,1,2,1,0,0,2
Sporting de Gijon,1984-85,2,1,2,0,1,0,1,1,0,0,1,1,1,1,2,0,1,1,1,2,1,0,1,0,0,0,1,0,0,0
Real Madrid,1984-85,2,1,0,2,0,1,0,1,0,0,2,0,0,1,0,0,1,2,1,1,2,1,1,2,1,0,2,0,2,0
Barcelona,1984-85,0,0,1,0,0,0,1,1,0,1,0,0,0,1,0,2,0,0,0,0,1,0,0,0,1,1,0,0,2,0
Zaragoza,1984-85,2,2,0,1,0,2,2,1,2,0,0,1,2,1,0,1,2,1,2,0,1,0,0,0,1,1,1,2,2,2
Hercules,1984-85,0,0,1,1,2,1,2,0,2,1,1,2,1,2,1,2,1,1,2,1,2,1,2,2,0,0,1,2,0,2
Espanol,1985-86,0,2,2,2,1,2,0,1,2,0,2,2,2,0,1,0,1,1,0,2,0,1,1,2,0,0,1,2,2,2
Cadiz,1985-86,2,0,2,0,1,1,2,0,2,0,0,2,0,1,0,2,2,1,2,2,2,0,2,2,1,2,1,2,2,0
Las Palmas,1985-86,2,1,2,2,0,2,0,2,0,2,0,2,1,2,2,1,0,2,1,2,2,1,0,1,0,2,1,1,0,2
Sporting de Gijon,1985-86,0,1,1,0,1,0,1,1,0,0,1,0,2,1,0,2,1,0,2,1,1,1,0,1,1,2,2,0,0,1
Osasuna,1985-86,2,2,0,1,1,2,2,2,2,2,0,1,0,2,0,2,2,2,1,1,2,2,0,2,0,0,2,2,0,0
Atletico de Bilbao,1985-86,0,1,0,0,0,1,1,2,0,2,0,2,1,2,0,0,1,0,1,1,0,2,0,0,2,0,0,2,0,0
Real Sociedad,1985-86,1,1,0,1,2,0,2,0,2,0,2,0,2,2,2,0,2,0,0,0,0,0,1,1,2,2,0,0,2,0
Celta de Vigo,1985-86,1,2,2,0,2,2,2,0,2,2,2,2,2,0,2,1,1,2,2,0,2,2,2,2,2,2,2,2,1,2
Valencia,1985-86,0,2,0,2,0,1,2,1,1,0,2,1,1,2,2,2,0,1,2,2,1,2,2,1,2,2,2,1,2,2
Valladolid,1985-86,2,0,1,1,0,0,1,0,2,1,2,0,0,2,2,2,0,1,2,0,2,0,2,2,2,0,2,0,2,2
Atletico de Madrid,1985-86,0,1,0,2,2,2,0,1,0,1,0,0,0,1,0,0,1,2,0,2,0,2,2,0,1,0,0,1,0,2
Sevilla,1985-86,2,0,2,0,1,1,0,2,1,0,1,2,0,0,1,2,1,0,1,1,0,2,1,0,0,2,0,2,0,2
Betis,1985-86,1,0,1,1,2,1,2,1,1,1,2,0,2,0,0,0,2,2,0,1,2,1,0,0,1,2,2,0,2,0
Real Madrid,1985-86,1,0,0,0,1,0,0,0,1,0,2,0,2,0,0,0,0,0,0,0,1,0,0,0,0,0,0,0,0,0
Santander,1985-86,1,2,1,2,0,2,0,1,1,2,2,2,2,0,2,0,2,2,0,2,1,0,2,1,1,0,1,1,2,0
Barcelona,1985-86,1,0,2,1,2,1,0,0,0,1,0,0,0,0,2,0,1,0,0,0,0,0,1,0,2,0,0,2,1,1
Zaragoza,1985-86,0,2,0,1,1,0,1,2,1,2,0,0,1,1,2,2,1,1,2,0,0,2,0,1,0,0,0,0,0,0
Hercules,1985-86,2,1,2,2,1,0,2,2,0,2,0,2,0,2,0,2,0,1,2,1,2,0,2,2,1,2,2,0,2,2
Barcelona,1986-87,0,1,0,1,0,1,0,1,0,2,0,1,1,0,0,0,1,1,0,0,0,1,0,1,0,1,0,1,2,2
Santander,1986-87,2,1,2,2,0,2,0,2,1,2,1,2,2,2,0,1,1,1,0,2,0,1,0,0,1,2,2,2,0,2
Sporting de Gijon,1986-87,0,2,1,1,0,0,2,0,2,2,0,1,0,1,2,0,2,1,0,1,2,2,2,1,1,0,2,0,0,0
Atletico de Bilbao,1986-87,2,0,1,1,0,1,2,0,2,0,2,0,0,0,0,2,0,1,1,1,2,0,2,2,1,1,1,2,2,2
Las Palmas,1986-87,0,1,0,2,1,2,2,1,2,0,2,0,2,0,2,0,2,2,2,2,1,0,0,1,2,2,2,1,2,0
Valladolid,1986-87,2,0,1,0,0,1,2,0,2,1,2,0,2,1,1,2,0,0,2,1,2,0,2,1,1,2,1,0,2,0
Atletico de Madrid,1986-87,1,1,0,2,1,0,0,0,0,2,1,2,0,1,0,1,1,2,2,2,0,2,0,1,1,2,2,2,0,0
Espanol,1986-87,1,0,2,1,1,0,1,0,2,0,1,0,1,0,2,0,2,0,0,0,0,0,2,1,2,1,0,0,0,0
Betis,1986-87,0,0,1,2,2,2,0,1,0,0,1,0,2,2,2,0,1,1,1,1,0,2,0,2,0,2,2,0,2,1
Sabadell,1986-87,2,1,1,1,2,2,2,2,1,2,0,2,1,2,0,2,0,1,2,0,2,1,2,0,1,0,1,2,2,2
Murcia,1986-87,2,2,2,0,2,2,2,2,1,0,1,0,0,0,2,0,2,2,2,0,1,0,1,0,1,1,2,0,2,0
Real Madrid,1986-87,0,1,1,0,0,0,2,1,1,0,1,0,0,2,1,1,0,0,0,1,1,0,0,0,2,0,2,0,0,0
Osasuna,1986-87,1,1,1,1,2,1,0,2,1,2,2,2,0,2,2,2,1,1,0,2,1,2,0,2,0,1,0,2,0,1
Mallorca,1986-87,1,1,0,0,2,0,1,2,0,2,1,2,0,1,0,2,0,1,2,0,2,2,0,2,1,0,0,2,0,2
Real Sociedad,1986-87,0,1,2,1,2,2,1,0,0,0,0,2,2,0,2,1,2,2,0,1,0,2,2,1,1,0,0,2,0,2
Cadiz,1986-87,2,1,2,0,0,2,0,1,0,1,1,2,2,2,0,2,1,0,2,2,2,0,2,2,0,1,1,2,2,2
Zaragoza,1986-87,0,2,1,2,1,0,0,2,2,2,2,0,1,0,2,0,2,2,1,1,1,2,1,1,1,0,0,0,2,0
Sevilla,1986-87,2,2,0,1,2,0,1,1,1,0,0,2,2,2,0,2,0,0,1,1,1,1,2,0,2,2,0,0,0,2
Atletico de Bilbao,1987-88,0,1,0,1,0,0,2,2,1,1,1,2,0,1,0,0,1,0,2,0,0,2,0,0,2,0,0,2,1,1
Mallorca,1987-88,2,1,2,2,0,1,0,1,1,2,2,2,0,2,0,0,0,2,2,2,2,0,1,2,1,2,0,1,1,2
Espanol,1987-88,2,2,0,0,2,2,2,0,0,1,2,1,1,0,2,2,1,0,2,2,0,2,0,2,0,2,2,1,1,0
Celta de Vigo,1987-88,0,1,2,0,1,1,1,0,0,2,0,2,1,2,2,1,0,2,0,0,2,0,2,0,1,1,0,2,0,2
Sporting de Gijon,1987-88,1,2,2,0,1,0,2,2,1,1,0,0,2,0,0,0,2,1,2,2,2,0,2,0,2,1,0,1,1,0
Valladolid,1987-88,1,1,2,1,2,0,0,0,2,1,0,0,1,0,0,0,2,2,2,0,1,0,2,1,2,0,2,1,1,0
Valencia,1987-88,0,1,0,0,0,2,2,2,1,1,0,2,1,2,2,2,2,0,0,2,0,2,1,1,2,2,1,1,2,1
Logrones,1987-88,2,1,2,1,2,2,1,1,2,0,1,2,2,2,0,2,1,2,0,0,2,2,0,0,1,1,0,2,0,2
Atletico de Madrid,1987-88,0,1,0,2,0,0,0,1,0,0,2,1,0,0,2,0,0,2,0,1,0,0,0,1,2,1,2,1,2,2
Sabadell,1987-88,2,2,0,1,1,2,2,2,2,1,2,2,2,1,0,2,1,2,0,1,2,2,2,2,0,1,1,2,1,2
Cadiz,1987-88,2,0,0,0,2,0,1,2,0,2,0,2,1,1,0,2,1,0,2,2,0,2,1,1,1,1,2,2,0,2
Real Madrid,1987-88,0,0,0,0,0,0,0,0,1,2,0,0,0,0,2,0,1,0,0,0,0,0,2,0,1,0,1,0,0,0
Las Palmas,1987-88,2,2,0,1,2,2,0,2,2,2,0,0,2,2,2,2,1,0,1,1,0,2,0,2,0,0,2,0,2,2
Barcelona,1987-88,0,2,2,2,2,2,0,1,0,0,0,0,0,2,2,2,0,1,2,1,1,0,1,2,0,1,2,0,2,2
Osasuna,1987-88,0,1,0,2,1,2,1,0,0,1,2,0,2,1,2,0,2,0,0,2,2,2,0,2,0,1,0,2,1,1
Murcia,1987-88,2,0,0,2,2,2,2,0,1,2,2,0,2,1,2,2,1,1,1,0,2,0,2,1,0,1,1,1,2,0
Sevilla,1987-88,2,0,2,0,0,2,0,2,2,0,2,1,1,1,0,0,2,0,2,0,1,2,0,1,1,1,1,0,0,0
Betis,1987-88,0,0,2,1,2,0,2,1,2,0,2,2,2,2,0,2,0,2,1,2,2,0,2,1,2,0,2,0,2,0
Zaragoza,1987-88,0,1,2,2,0,0,2,0,2,1,1,1,0,0,2,1,2,1,1,2,1,2,0,1,2,2,1,1,0,1
Real Sociedad,1987-88,2,1,2,2,0,0,0,1,0,0,1,0,0,0,0,0,0,2,0,0,0,0,2,0,0,2,0,0,1,0
Atletico de Bilbao,1988-89,0,0,0,1,0,2,2,2,2,2,1,1,1,2,0,0,1,1,0,1,1,1,0,2,0,1,1,0,2,2
Sevilla,1988-89,2,0,0,1,1,1,0,2,0,1,0,0,1,1,2,0,2,2,2,1,1,2,1,2,1,0,0,0,0,2
Barcelona,1988-89,0,0,1,1,0,0,0,2,0,1,0,0,0,0,2,0,0,0,1,1,0,1,2,0,0,0,1,1,1,0
Espanol,1988-89,2,0,1,0,2,1,2,2,2,2,1,1,1,2,1,2,2,1,2,1,2,1,1,0,1,0,1,2,0,1
Logrones,1988-89,0,0,0,2,0,1,1,2,1,1,2,1,1,2,1,1,1,2,0,2,0,2,1,0,2,1,0,1,0,2
Atletico de Madrid,1988-89,2,2,2,1,0,0,0,0,0,2,1,0,0,2,0,2,1,0,1,0,1,0,2,2,0,2,0,2,0,1
Oviedo,1988-89,0,2,2,1,2,1,1,1,2,0,2,0,0,0,0,1,0,2,2,1,1,2,0,2,0,2,2,2,2,2
Real Sociedad,1988-89,2,0,1,0,2,2,0,0,1,0,2,2,1,1,1,2,0,0,2,1,1,1,1,0,2,2,1,1,0,0
Betis,1988-89,2,2,0,2,2,2,2,0,1,1,1,2,2,1,1,1,1,1,2,1,1,0,2,0,2,2,0,0,2,0
Sporting de Gijon,1988-89,0,1,1,0,2,2,2,0,0,1,1,0,2,0,1,1,2,0,0,1,2,2,0,2,0,2,2,2,2,1
Celta de Vigo,1988-89,0,1,1,0,0,2,0,2,1,2,1,0,2,0,2,2,0,0,1,1,0,1,0,2,0,0,1,2,0,2
Cadiz,1988-89,2,2,2,1,2,1,2,0,0,0,1,2,1,1,2,1,2,0,2,1,2,1,1,0,2,0,1,1,1,0
Murcia,1988-89,0,2,2,2,0,0,2,2,2,2,0,2,2,2,1,2,1,1,0,0,0,2,2,2,2,0,2,2,2,2
CD Malaga,1988-89,2,1,2,1,1,2,0,1,0,0,2,2,0,1,1,2,2,2,1,2,2,0,2,0,2,2,0,0,0,2
Real Madrid,1988-89,1,1,1,0,0,0,0,0,0,0,0,1,1,0,0,0,0,0,1,1,0,1,0,0,0,0,1,0,2,0
Osasuna,1988-89,1,0,2,1,2,0,1,0,2,0,1,0,1,1,2,1,2,0,0,1,0,2,0,0,2,1,1,2,2,2
Valladolid,1988-89,0,2,0,2,0,0,2,2,0,1,2,2,1,0,0,1,0,2,0,2,1,0,2,2,0,2,0,0,1,0
Elche,1988-89,2,2,0,2,2,0,2,2,2,2,1,2,2,1,1,1,2,2,2,0,2,0,2,2,2,2,2,1,2,1
Zaragoza,1988-89,1,2,1,2,0,2,1,0,2,0,1,1,1,1,2,0,0,2,0,1,2,0,1,2,2,0,2,1,0,0
Valencia,1988-89,1,0,1,0,2,1,0,0,2,2,0,1,0,2,0,0,1,2,1,1,1,1,0,0,0,1,2,0,1,0
Atletico de Bilbao,1989-90,0,1,0,2,1,0,1,2,0,2,2,0,2,1,2,0,2,2,1,1,1,1,0,2,0,1,0,0,1,1
Real Sociedad,1989-90,2,0,2,0,2,0,1,1,0,0,0,1,0,1,2,2,0,0,0,1,2,1,1,1,0,0,1,0,2,1
CD Malaga,1989-90,1,2,1,0,1,0,2,0,2,2,0,1,1,1,2,2,2,2,1,1,2,2,0,2,0,2,2,2,2,2
Celta de Vigo,1989-90,1,2,2,1,0,1,2,0,2,2,2,1,2,1,2,2,1,2,0,1,2,1,1,1,2,2,2,1,2,1
Valencia,1989-90,2,1,2,0,1,1,1,0,0,0,1,1,0,0,1,0,1,0,2,1,0,1,0,0,2,1,0,0,1,0
Atletico de Madrid,1989-90,0,0,1,0,1,0,2,2,2,0,1,0,1,1,0,0,0,2,0,1,0,0,2,0,0,0,2,1,1,0
Valladolid,1989-90,0,2,0,1,2,2,0,2,2,2,2,1,0,1,2,1,1,1,1,2,0,1,2,1,2,2,2,2,2,0
Barcelona,1989-90,2,0,2,0,2,0,0,1,0,0,0,2,0,2,0,0,2,0,0,0,0,1,2,1,2,0,1,0,0,0
Cadiz,1989-90,2,2,0,2,2,2,1,0,2,0,2,0,1,1,2,0,2,0,2,1,2,2,2,2,2,2,2,1,0,1
Logrones,1989-90,0,0,2,0,2,0,2,1,1,2,2,0,2,0,0,2,2,2,0,1,0,0,2,0,0,1,0,0,2,2
Osasuna,1989-90,0,2,0,2,0,1,0,0,2,2,0,1,0,1,0,1,2,0,0,1,2,2,1,2,0,1,0,1,1,1
Mallorca,1989-90,2,1,0,1,0,1,1,1,0,0,1,2,2,1,0,2,0,2,1,1,0,1,1,1,0,2,2,1,0,2
Real Madrid,1989-90,0,1,0,1,0,2,0,0,0,2,0,0,0,1,0,0,0,0,0,1,0,1,1,0,0,0,0,0,0,1
Sporting de Gijon,1989-90,2,1,2,2,2,2,2,0,0,1,2,0,2,0,0,0,1,0,2,1,2,0,2,2,2,1,0,1,2,1
Oviedo,1989-90,1,1,0,1,0,2,0,1,0,1,1,2,1,0,0,2,1,2,2,1,2,1,0,1,0,0,2,1,0,2
Castellon,1989-90,1,1,2,2,0,2,1,2,1,2,0,1,1,1,0,2,0,1,2,1,2,1,0,0,2,2,0,2,1,1
Sevilla,1989-90,0,0,0,2,0,1,1,2,2,0,2,1,2,2,2,0,0,0,2,0,0,2,0,0,0,0,0,2,1,0
Tenerife,1989-90,2,1,1,1,2,0,1,1,2,0,2,2,0,2,2,2,1,2,1,2,1,2,0,0,2,0,0,2,2,1
Zaragoza,1989-90,0,2,1,1,0,2,0,2,0,0,0,2,2,1,2,0,2,0,2,1,0,0,1,2,2,1,2,1,0,2
Rayo Vallecano,1989-90,2,0,2,1,2,1,2,2,2,2,0,2,1,2,1,2,0,2,1,1,2,0,2,2,2,2,2,2,0,1
Espanol,1990-91,2,1,0,2,1,1,0,2,0,2,1,1,0,0,2,2,2,2,2,2,0,1,0,1,0,1,2,2,0,0
Barcelona,1990-91,0,0,0,0,0,0,1,0,2,1,0,0,0,0,0,1,0,2,0,0,1,0,0,0,0,0,2,1,0,0
Betis,1990-91,1,2,2,2,2,2,1,0,1,2,1,2,2,2,0,1,1,0,2,2,1,2,0,2,1,2,0,2,0,2
Sporting de Gijon,1990-91,1,0,1,0,2,1,2,2,0,2,1,2,0,2,0,1,2,0,1,0,1,0,0,1,1,2,0,2,0,1
Logrones,1990-91,2,0,1,2,0,0,1,0,0,0,1,0,1,0,2,2,2,0,2,2,1,2,1,1,1,0,0,0,2,2
Mallorca,1990-91,0,1,2,0,2,0,2,2,2,1,1,0,2,1,2,1,0,2,0,0,2,1,2,2,1,1,2,1,2,1
Real Sociedad,1990-91,0,1,2,0,2,1,2,0,1,1,2,2,2,0,2,1,1,1,2,1,1,0,1,0,0,1,0,0,2,2
Zaragoza,1990-91,2,2,2,2,1,0,1,1,0,0,2,0,2,2,1,0,2,0,0,1,1,2,2,1,2,0,1,2,2,1
Real Burgos,1990-91,0,2,0,2,2,1,0,1,0,1,1,1,1,0,2,1,2,2,2,1,0,2,1,1,1,1,1,0,2,2
Cadiz,1990-91,2,1,1,0,2,1,2,2,1,2,2,1,2,2,2,1,2,0,2,1,1,0,1,0,2,1,2,1,2,2
Real Madrid,1990-91,0,2,0,0,0,1,1,1,2,0,2,0,0,0,2,2,0,2,2,0,0,1,0,2,2,2,1,2,2,0
Castellon,1990-91,2,1,2,0,1,0,1,0,2,1,2,1,1,1,1,1,1,2,0,2,2,2,2,0,2,0,2,0,2,2
Oviedo,1990-91,1,1,0,2,0,2,2,1,2,0,1,0,0,1,1,1,1,0,2,2,0,0,1,2,1,1,1,0,1,0
Sevilla,1990-91,1,0,2,0,0,0,0,0,2,0,2,2,1,2,0,2,0,1,0,0,2,1,2,0,2,1,2,0,2,1
Tenerife,1990-91,0,2,1,1,2,2,2,0,2,0,0,2,2,2,0,2,1,2,0,2,0,2,1,2,0,1,0,0,0,0
Atletico de Bilbao,1990-91,2,0,0,2,0,2,1,2,0,2,0,0,1,1,0,0,2,2,2,0,2,2,2,2,2,2,0,1,0,0
Valencia,1990-91,1,2,0,2,0,2,0,2,2,2,0,1,1,0,2,0,0,1,1,2,1,0,0,0,0,1,2,2,1,2
Atletico de Madrid,1990-91,1,0,1,1,2,1,0,1,0,1,0,2,0,0,0,0,1,0,0,0,1,0,1,0,0,0,1,1,0,1
Valladolid,1990-91,1,2,1,2,1,2,0,1,1,1,1,2,2,2,0,1,0,0,0,2,1,2,2,2,0,1,1,1,0,0
Osasuna,1990-91,1,0,2,0,0,1,1,2,0,1,0,1,0,2,1,0,0,1,0,0,2,0,1,1,2,2,0,2,0,1
Atletico de Bilbao,1991-92,2,2,2,0,1,2,1,0,2,2,0,1,0,1,2,2,0,1,2,0,0,2,2,1,0,2,0,2,0,2
Sevilla,1991-92,0,0,0,2,2,2,0,2,0,1,1,1,1,0,0,2,0,1,0,2,2,2,0,2,1,1,0,2,0,2
Cadiz,1991-92,2,2,0,0,2,2,0,2,1,2,1,2,0,2,2,1,2,1,2,1,0,1,1,1,2,2,1,2,0,2
Real Madrid,1991-92,0,0,0,0,0,1,0,0,0,0,0,0,0,1,1,2,0,2,0,1,2,0,2,0,1,2,0,0,0,1
Valencia,1991-92,0,2,1,0,0,2,2,1,0,0,2,0,2,0,0,0,0,0,1,0,1,2,1,1,2,0,0,2,2,0
Deportivo,1991-92,2,1,2,0,1,0,2,2,2,2,1,1,0,0,1,2,1,0,1,2,2,1,2,1,1,0,2,1,2,2
Atletico de Madrid,1991-92,0,0,0,0,0,0,2,0,2,0,1,0,2,2,0,0,2,2,2,1,0,0,0,2,0,1,1,0,0,0
Real Burgos,1991-92,2,0,1,0,0,0,1,0,1,2,0,1,2,1,1,1,2,2,0,1,1,0,2,1,2,0,2,2,2,0
Barcelona,1991-92,0,2,0,2,2,1,0,1,0,0,0,1,0,1,0,0,0,0,0,2,0,0,1,0,1,1,0,1,0,2
Real Sociedad,1991-92,2,1,2,2,2,0,1,0,1,0,1,1,2,0,1,2,0,0,2,0,0,0,2,1,0,0,1,0,2,0
Osasuna,1991-92,0,2,0,2,0,2,0,2,2,2,1,0,1,1,2,2,2,0,1,2,1,1,2,1,0,2,1,1,0,0
Albacete,1991-92,2,0,0,2,2,0,2,2,2,0,1,1,0,0,0,0,1,0,0,0,1,1,1,0,2,1,0,2,1,0
Oviedo,1991-92,1,0,0,2,0,2,2,1,2,0,1,1,1,0,1,2,1,2,2,2,0,2,0,2,2,0,2,0,2,0
Mallorca,1991-92,1,2,2,2,0,0,2,2,2,2,2,0,2,2,1,2,0,2,2,0,2,1,1,2,0,1,2,0,2,1
Tenerife,1991-92,0,1,2,2,2,1,1,2,0,2,1,2,2,0,1,0,2,1,2,2,0,1,0,0,2,2,0,2,2,2
Logrones,1991-92,2,0,0,2,0,1,2,1,0,2,2,2,0,2,2,0,0,2,1,0,2,1,0,0,1,0,2,1,1,2
Valladolid,1991-92,2,2,2,2,0,2,0,0,1,2,1,2,1,2,1,1,2,1,2,2,0,1,0,2,0,1,1,2,1,2
Sporting de Gijon,1991-92,0,0,2,0,2,1,0,0,1,0,0,1,2,2,2,0,2,1,0,0,2,0,1,2,1,2,2,0,0,2
Zaragoza,1991-92,1,1,2,0,2,0,0,0,1,0,2,1,0,1,0,0,1,0,0,2,2,2,2,0,2,2,2,0,1,0
Espanol,1991-92,1,2,2,0,2,1,2,2,0,1,2,2,2,2,2,1,2,2,0,0,2,2,0,1,0,0,1,0,2,0
Barcelona,1992-93,0,1,0,0,1,1,2,0,0,0,0,0,0,0,1,0,1,0,1,2,1,1,0,0,0,0,0,0,2,0
Real Madrid,1992-93,2,0,1,0,2,0,0,0,0,0,1,0,2,0,2,0,0,1,0,0,0,1,0,0,0,1,1,0,0,0
Valencia,1992-93,0,1,1,1,0,2,0,2,0,2,0,1,1,0,0,2,1,0,0,0,1,1,0,2,2,1,2,1,0,0
Rayo Vallecano,1992-93,2,0,2,1,1,1,1,0,2,2,0,0,0,2,1,0,1,2,1,2,1,0,2,1,1,1,2,1,2,2
Albacete,1992-93,2,2,2,2,0,1,0,2,2,1,2,0,2,2,2,0,1,0,1,2,1,2,2,1,2,1,0,0,2,2
Sevilla,1992-93,0,2,1,0,2,0,1,0,1,0,0,2,1,2,0,2,1,0,0,0,2,1,2,0,2,1,1,2,0,0
Atletico de Bilbao,1992-93,0,2,0,2,0,0,0,2,1,2,1,0,0,2,2,0,1,0,2,0,0,2,2,2,0,2,1,2,0,1
Cadiz,1992-93,2,1,0,1,2,1,1,2,2,2,1,1,2,0,2,2,2,2,1,2,1,0,2,2,1,2,1,1,0,2
Atletico de Madrid,1992-93,0,0,2,1,0,0,1,2,0,0,0,0,1,2,2,2,1,1,2,1,0,1,0,0,0,2,0,2,1,1
Tenerife,1992-93,2,1,0,2,2,0,2,1,1,1,1,1,0,0,0,0,0,0,2,1,1,0,0,1,1,1,2,0,1,0
Deportivo,1992-93,0,0,0,0,0,2,0,1,0,1,2,1,0,0,0,0,0,0,1,1,0,1,0,2,1,2,0,0,0,1
Celta de Vigo,1992-93,2,1,0,0,1,2,1,1,0,2,2,2,0,2,2,2,1,0,1,1,1,0,0,2,1,0,2,1,1,2
Sporting de Gijon,1992-93,1,0,1,0,1,2,1,0,2,0,0,2,1,1,0,2,1,2,2,2,2,1,2,2,1,0,2,2,2,1
Osasuna,1992-93,1,0,2,1,1,2,2,2,0,0,2,0,1,0,0,2,2,2,0,0,1,1,2,2,2,0,2,1,0,0
Logrones,1992-93,0,2,2,2,1,2,2,1,2,1,2,2,2,2,0,2,1,1,1,1,1,2,0,0,2,1,0,2,2,1
Oviedo,1992-93,2,0,2,1,0,2,1,1,1,2,1,2,2,2,0,0,1,2,2,1,2,0,2,0,2,1,0,0,2,2
Real Burgos,1992-93,0,2,2,2,2,0,2,1,2,1,1,1,2,2,2,2,1,2,2,1,2,2,2,2,1,1,2,1,0,1
Real Sociedad,1992-93,2,2,0,2,2,0,2,1,2,0,1,2,2,0,2,0,2,2,1,1,0,0,2,0,0,0,1,0,2,0
Zaragoza,1992-93,0,1,0,1,1,2,0,1,2,1,2,1,1,0,2,0,1,2,0,2,1,2,0,0,0,2,1,2,1,2
Espanol,1992-93,2,2,2,1,1,0,1,0,0,2,1,2,0,1,0,2,1,1,0,0,2,2,0,1,1,1,0,2,2,2
Osasuna,1993-94,2,1,2,2,2,2,0,0,2,0,2,1,2,0,2,2,1,2,2,1,1,2,0,2,1,1,2,1,2,2
Real Madrid,1993-94,0,2,2,2,1,0,1,0,0,0,0,0,2,0,1,2,0,2,0,1,1,0,0,0,0,1,2,0,0,0
Atletico de Bilbao,1993-94,0,0,1,0,0,2,2,2,0,1,0,0,1,2,0,0,2,1,2,2,0,0,1,2,1,1,0,1,0,2
Albacete,1993-94,2,1,1,0,2,1,1,1,1,2,0,1,1,0,0,0,2,1,1,0,2,0,2,1,2,0,1,0,2,0
Atletico de Madrid,1993-94,0,1,0,1,1,2,2,1,0,2,0,1,2,1,2,0,1,1,2,2,0,2,0,2,2,2,1,2,2,0
Logrones,1993-94,2,2,2,0,2,0,0,2,2,2,1,1,1,1,1,0,1,2,1,0,1,2,1,1,1,2,1,0,2,2
Barcelona,1993-94,0,1,1,0,0,0,2,0,2,0,0,2,0,1,0,0,2,0,1,2,0,2,2,0,0,0,0,0,1,0
Real Sociedad,1993-94,2,1,0,0,0,1,0,0,2,2,2,1,1,0,2,0,2,1,1,0,2,0,1,2,2,0,2,0,2,1
Deportivo,1993-94,1,0,0,1,2,1,0,0,0,1,2,0,0,0,0,0,1,0,0,1,0,2,0,0,0,2,1,1,1,0
Celta de Vigo,1993-94,1,1,2,1,1,0,1,0,2,1,2,2,0,2,2,2,0,0,2,1,2,0,2,0,1,1,1,2,2,2
Santander,1993-94,0,0,2,1,0,2,0,2,1,2,0,1,0,2,2,2,0,0,1,1,1,2,0,0,2,2,0,2,1,2
Rayo Vallecano,1993-94,2,0,0,2,0,2,1,2,2,2,0,1,2,2,0,0,1,2,0,1,2,2,1,1,1,1,0,2,0,1
Oviedo,1993-94,2,1,2,0,2,1,1,2,0,2,0,2,1,1,0,0,1,0,1,1,0,1,2,2,0,2,2,2,0,1
Valencia,1993-94,0,1,0,0,1,0,2,0,0,2,2,0,1,2,2,2,1,1,2,1,2,0,2,1,1,0,2,0,0,2
Tenerife,1993-94,0,2,0,2,1,0,1,2,0,0,2,2,0,2,2,2,1,2,0,1,0,0,0,2,0,1,0,2,0,2
Lleida,1993-94,2,2,2,2,1,2,1,2,2,0,2,0,2,2,0,2,1,1,1,1,2,0,1,1,1,1,0,2,0,2
Valladolid,1993-94,2,0,1,2,0,2,1,2,2,1,2,1,2,0,2,2,1,1,0,2,1,1,1,1,2,2,0,1,1,1
Sporting de Gijon,1993-94,0,2,0,1,2,2,1,0,0,0,0,2,0,0,0,2,0,2,0,0,2,1,2,2,2,1,2,2,2,0
Zaragoza,1993-94,2,1,1,2,2,0,1,2,2,0,2,0,0,0,1,0,2,0,2,0,0,2,0,0,1,0,1,0,0,0
Sevilla,1993-94,0,1,1,1,0,0,2,0,0,0,1,2,2,2,1,2,0,1,1,2,1,1,2,0,0,0,2,0,2,0
Sevilla,1994-95,2,0,0,1,2,1,1,2,0,0,2,0,0,2,0,1,0,2,1,2,1,0,2,1,0,0,1,2,0,0
Real Madrid,1994-95,0,0,1,0,2,0,0,1,2,0,0,0,1,0,0,0,1,0,1,0,0,1,1,0,2,0,1,0,0,0
Albacete,1994-95,1,2,1,1,0,2,2,0,2,2,2,1,1,0,2,0,1,1,2,1,0,1,1,1,0,2,2,1,1,2
Celta de Vigo,1994-95,1,1,1,0,1,2,2,0,2,0,0,1,1,2,0,1,2,2,2,1,1,0,2,2,2,1,0,1,2,0
Atletico de Bilbao,1994-95,2,1,0,2,0,0,1,0,0,2,0,0,2,0,2,1,1,1,2,1,1,1,1,0,2,2,1,0,2,0
Deportivo,1994-95,0,0,0,1,0,1,1,0,1,0,2,0,1,0,2,1,1,0,0,1,2,0,2,0,2,2,0,0,0,1
Atletico de Madrid,1994-95,2,2,0,2,0,2,1,2,2,2,0,1,0,0,2,2,1,2,1,1,0,2,1,0,0,0,2,2,2,1
Valencia,1994-95,0,2,0,0,0,2,2,2,0,1,2,1,1,2,1,2,1,1,0,1,1,0,0,2,0,1,2,1,0,2
Compostela,1994-95,2,1,0,2,2,0,1,1,0,0,2,1,0,2,2,0,1,1,2,1,1,2,2,2,0,2,1,0,1,2
Real Sociedad,1994-95,0,2,2,2,2,1,0,1,1,2,2,1,1,0,0,1,1,1,0,1,1,0,2,0,2,2,0,1,2,2
Espanol,1994-95,0,0,1,1,1,2,2,1,0,0,1,1,2,0,2,0,1,1,2,2,0,2,0,0,1,2,0,1,0,1
Oviedo,1994-95,2,1,2,0,2,2,2,0,0,2,0,1,1,2,0,2,1,1,0,0,1,0,1,0,1,0,1,2,1,1
Sporting de Gijon,1994-95,0,2,1,2,0,0,0,2,2,2,1,1,2,2,1,1,1,1,2,2,0,2,1,2,1,0,1,0,1,1
Barcelona,1994-95,2,0,1,0,2,0,0,0,1,0,0,2,1,0,1,2,0,1,0,0,2,0,0,0,2,1,2,1,1,0
Logrones,1994-95,1,2,2,1,2,2,2,1,2,1,2,1,2,2,2,1,2,2,0,2,2,2,1,2,1,2,2,2,2,1
Betis,1994-95,1,0,2,0,1,0,1,2,0,1,0,1,1,2,1,1,0,0,1,0,2,1,1,0,1,0,2,0,2,0
Santander,1994-95,1,2,2,2,1,2,0,2,2,0,0,1,2,2,0,0,2,1,2,1,0,2,0,2,0,0,0,2,1,2
Valladolid,1994-95,1,2,2,0,2,0,1,1,2,2,2,2,1,0,2,1,1,1,0,1,2,0,2,2,2,2,2,0,2,2
Zaragoza,1994-95,1,0,0,2,0,1,0,0,0,1,0,2,0,0,0,2,2,0,2,2,1,2,0,2,0,1,0,2,0,0
Tenerife,1994-95,1,0,2,1,0,0,1,2,1,2,2,2,0,2,0,1,0,1,0,0,2,2,0,2,1,0,0,2,0,2
Deportivo,1995-96,0,2,0,1,0,2,2,2,0,1,2,1,2,0,0,2,0,0,0,1,1,2,0,0,1,2,1,2,1,1
Valencia,1995-96,2,0,0,1,2,0,0,1,2,0,0,2,1,0,2,0,2,0,0,2,0,0,0,0,2,0,1,0,2,0
Sporting de Gijon,1995-96,0,2,0,2,2,0,1,0,2,0,2,0,2,1,2,2,2,2,2,0,2,0,1,1,2,2,2,2,1,1
Albacete,1995-96,2,0,2,0,2,0,1,2,2,1,2,1,2,2,2,1,0,0,2,1,1,2,1,1,1,0,2,0,2,2
Atletico de Bilbao,1995-96,0,0,2,1,0,1,1,2,1,2,0,2,0,2,0,2,1,2,0,1,1,1,2,2,2,0,2,1,1,2
Santander,1995-96,2,2,2,1,2,0,0,1,2,1,0,0,2,1,1,2,2,0,2,1,2,1,2,1,0,1,1,0,2,0
Atletico de Madrid,1995-96,0,0,0,0,1,0,0,0,0,1,0,1,2,0,2,0,0,0,0,0,1,2,0,0,0,2,0,0,1,2
Real Sociedad,1995-96,2,0,2,2,1,0,2,2,0,0,2,1,2,1,0,2,1,2,0,1,0,0,1,0,1,0,1,0,0,0
Celta de Vigo,1995-96,2,0,1,2,1,2,2,2,0,1,2,1,1,0,1,0,2,0,0,0,2,1,0,2,1,2,1,2,1,1
Compostela,1995-96,0,0,1,0,2,0,2,0,2,0,2,0,1,1,0,0,0,2,0,0,0,1,2,2,0,0,0,1,2,2
Espanol,1995-96,0,0,0,0,0,2,1,0,1,1,0,0,0,1,2,0,0,1,2,0,2,1,0,1,1,1,2,0,2,0
Salamanca,1995-96,2,2,2,1,1,2,0,2,1,0,2,0,1,0,2,1,1,2,2,2,0,1,2,2,2,1,1,2,2,2
Merida,1995-96,1,1,2,2,1,2,1,0,0,1,0,2,2,2,2,1,1,1,2,1,1,0,1,2,2,1,0,2,2,2
Betis,1995-96,1,0,0,1,0,1,2,1,0,2,1,1,0,1,0,0,1,1,2,1,0,2,0,1,2,0,0,2,0,0
Rayo Vallecano,1995-96,2,2,2,2,0,2,2,1,0,2,2,1,0,2,0,2,2,1,0,1,1,0,2,1,1,2,2,0,2,0
Real Madrid,1995-96,0,2,2,1,1,2,0,0,0,1,0,2,0,1,0,2,0,2,0,1,1,2,0,0,0,2,1,1,0,2
Sevilla,1995-96,2,2,0,1,1,2,1,2,2,1,1,0,0,0,2,1,1,0,2,2,2,2,1,2,2,0,0,1,0,1
Tenerife,1995-96,0,2,1,1,2,0,0,1,2,1,1,1,1,1,0,0,2,0,0,2,0,0,2,0,1,0,2,2,0,0
Valladolid,1995-96,2,2,1,1,0,2,0,1,2,2,1,2,1,2,2,1,2,1,2,1,2,2,2,0,0,2,0,2,0,0
Barcelona,1995-96,0,1,0,0,1,0,0,0,0,2,0,1,0,1,1,2,0,2,0,2,1,0,1,0,1,0,0,0,1,2
Zaragoza,1995-96,0,2,2,1,0,0,2,0,2,1,2,2,2,1,1,0,0,1,2,1,1,1,2,2,0,2,1,0,0,2
Oviedo,1995-96,2,0,0,1,2,2,2,2,1,1,0,1,0,2,0,1,2,2,2,1,1,1,0,2,0,2,2,2,0,0
Deportivo,1996-97,1,1,0,0,0,1,0,0,1,0,0,1,1,0,0,0,1,2,1,1,2,2,1,1,0,0,0,0,0,0
Real Madrid,1996-97,1,0,1,0,0,0,1,0,0,1,0,1,0,0,0,0,1,0,1,0,0,0,0,1,2,0,0,0,0,0
Atletico de Madrid,1996-97,0,2,2,0,0,1,1,2,2,0,0,1,0,0,0,1,1,0,0,2,0,1,0,1,0,0,0,2,2,0
Celta de Vigo,1996-97,2,1,0,2,2,0,1,1,0,1,1,2,0,0,2,0,2,2,1,2,2,1,1,0,1,0,2,1,2,1
Betis,1996-97,0,0,1,0,2,0,1,0,1,2,1,0,1,0,0,0,0,1,0,2,0,0,0,1,1,2,0,0,0,0
Atletico de Bilbao,1996-97,2,0,2,1,0,2,1,0,1,0,2,0,0,0,1,1,1,2,1,1,0,2,1,0,0,1,1,1,1,1
Hercules,1996-97,0,2,2,2,2,2,2,1,2,2,2,1,2,0,2,0,2,1,0,0,2,1,2,2,2,2,2,0,2,2
Extremadura,1996-97,2,2,2,2,2,2,2,0,2,1,1,2,1,2,2,1,1,2,1,0,0,1,2,0,1,0,0,0,2,0
Santander,1996-97,0,0,1,2,2,0,1,1,1,0,1,1,0,1,2,2,0,2,1,0,1,1,0,2,0,1,2,2,0,2
Valencia,1996-97,2,2,1,0,0,2,0,0,0,2,2,2,1,2,0,2,0,1,0,2,1,1,0,1,2,0,2,0,0,2
Real Sociedad,1996-97,0,0,1,2,1,0,0,2,2,2,0,2,0,1,0,0,1,0,0,0,2,0,2,1,0,2,1,2,2,1
Sevilla,1996-97,2,2,0,2,2,1,2,1,2,0,0,0,2,2,2,2,2,2,0,2,1,2,2,0,2,2,2,2,0,2
Rayo Vallecano,1996-97,2,2,0,2,0,1,0,2,0,1,1,1,2,1,0,2,0,0,2,2,2,2,1,2,0,2,2,2,2,2
Valladolid,1996-97,0,2,2,0,1,1,0,0,0,2,0,0,2,2,1,1,1,0,1,2,2,0,1,0,2,0,2,2,1,0
Oviedo,1996-97,2,0,0,0,2,2,2,1,1,1,2,0,2,1,2,2,0,0,2,0,1,1,1,2,1,2,0,2,0,2
Barcelona,1996-97,0,0,1,0,0,1,0,0,0,0,1,1,0,2,0,2,0,0,2,0,0,1,2,0,2,0,2,0,0,0
Tenerife,1996-97,0,0,2,2,0,1,2,2,0,1,1,1,0,2,2,0,0,0,2,1,2,1,0,2,0,2,0,0,1,2
Compostela,1996-97,2,0,2,0,2,1,2,2,1,1,2,0,1,2,2,0,2,0,1,2,0,1,2,1,0,2,0,2,1,1
Zaragoza,1996-97,1,0,1,2,2,1,1,2,2,1,2,1,1,1,0,2,2,2,2,1,2,0,0,1,0,2,0,1,0,2
Logrones,1996-97,1,2,0,2,0,0,2,2,2,2,1,1,2,2,0,2,2,2,0,2,0,2,2,1,2,0,0,2,2,2
Espanol,1996-97,2,2,0,1,0,2,1,2,0,0,1,2,2,1,2,0,2,2,2,0,1,2,0,2,2,2,2,1,2,0
Sporting de Gijon,1996-97,0,2,1,0,2,1,0,1,2,2,1,2,2,0,2,2,1,1,2,0,1,0,2,1,2,0,2,0,2,0
Real Madrid,1997-98,1,0,0,0,1,0,0,1,2,0,0,0,1,0,1,0,1,0,2,1,0,2,2,1,0,2,0,2,1,0
Atletico de Madrid,1997-98,1,0,2,1,0,0,0,2,0,0,1,1,0,1,0,1,2,2,0,1,2,0,1,0,2,0,1,1,2,2
Atletico de Bilbao,1997-98,2,1,0,1,1,1,1,0,0,2,0,1,1,2,0,0,0,0,1,0,1,2,0,1,2,2,1,0,0,2
Espanol,1997-98,0,1,1,1,1,0,0,0,0,2,0,1,1,1,0,2,1,2,0,2,2,1,1,2,1,0,1,2,2,1
Barcelona,1997-98,0,0,0,0,0,0,1,0,0,2,2,0,2,0,0,0,0,0,2,1,2,2,0,1,1,0,0,0,0,0
Real Sociedad,1997-98,2,0,2,0,1,0,0,0,1,0,1,1,1,0,1,1,0,1,0,1,2,0,0,1,2,1,2,2,0,0
Celta de Vigo,1997-98,0,1,0,1,0,2,0,1,0,0,0,2,2,2,0,2,1,0,2,2,0,2,1,0,0,2,0,0,1,2
Zaragoza,1997-98,2,1,0,1,1,1,2,0,1,2,2,0,0,0,2,0,1,2,1,0,2,1,2,0,0,2,1,0,2,2
Compostela,1997-98,0,1,2,1,1,2,1,2,0,2,2,0,1,2,2,2,1,1,1,0,0,2,0,2,1,2,2,1,0,2
Sporting de Gijon,1997-98,2,2,2,2,2,2,1,2,2,2,2,2,1,2,2,1,2,2,2,2,2,2,2,0,2,2,1,2,2,1
Mallorca,1997-98,0,1,0,0,1,2,0,1,1,0,2,1,1,2,2,2,0,0,2,1,1,0,0,0,1,0,2,1,2,0
Valencia,1997-98,2,2,2,2,0,1,2,1,2,0,2,0,2,2,1,0,0,0,2,1,0,0,0,2,0,0,1,0,0,1
Santander,1997-98,0,2,0,2,0,1,2,2,2,2,1,1,0,1,0,2,1,0,2,1,0,2,2,2,0,2,2,1,1,2
Salamanca,1997-98,2,2,0,1,2,2,2,2,2,1,1,2,1,0,0,1,0,2,0,1,2,0,2,2,2,0,1,0,2,0
Oviedo,1997-98,0,1,1,1,2,0,2,1,1,0,0,1,0,1,1,2,2,2,1,2,0,1,1,2,0,1,1,2,0,2
Merida,1997-98,2,1,2,1,2,2,0,2,0,0,0,1,1,2,2,2,1,2,0,0,2,1,1,2,0,2,0,2,0,1
Tenerife,1997-98,1,0,0,2,2,1,2,0,2,2,2,1,2,1,2,1,2,1,0,2,0,0,2,1,2,0,2,2,1,0
Deportivo,1997-98,1,1,2,0,1,2,1,1,1,2,0,1,2,1,2,1,2,1,0,0,1,0,0,1,2,0,2,0,2,0
Valladolid,1997-98,2,2,2,2,2,0,1,2,1,0,1,2,1,0,2,0,1,0,2,2,0,2,2,0,0,0,0,1,2,0
Betis,1997-98,0,1,2,1,0,1,2,0,2,1,1,2,0,0,0,0,2,2,0,0,1,0,1,0,2,2,0,1,0,2
Alaves,1998-99,1,2,0,0,2,2,2,2,1,1,0,2,2,2,0,2,1,2,2,2,1,1,0,2,0,2,0,2,0,1
Betis,1998-99,1,2,2,1,0,2,2,0,2,0,0,0,2,1,1,0,0,2,1,0,1,1,2,0,2,2,0,2,2,0
Valencia,1998-99,0,2,0,2,2,2,0,0,0,2,0,1,0,0,2,0,1,1,0,0,1,2,2,0,0,0,1,0,1,2
Atletico de Madrid,1998-99,2,0,1,0,2,0,2,0,1,2,0,0,1,1,1,0,0,2,0,2,2,2,2,1,2,2,2,1,1,2
Celta de Vigo,1998-99,1,1,1,1,0,0,0,1,0,0,2,1,1,0,2,0,0,0,2,2,0,2,1,1,0,0,0,1,0,1
Deportivo,1998-99,1,0,2,0,2,0,1,1,1,1,0,0,0,2,1,2,2,0,0,0,1,0,1,2,0,0,0,1,2,0
Espanol,1998-99,0,2,1,2,1,2,2,1,0,0,1,2,1,2,0,0,1,1,1,1,0,0,1,1,2,2,1,0,0,0
Tenerife,1998-99,2,1,0,2,1,2,1,0,1,2,2,2,1,1,1,2,2,1,0,1,1,2,2,1,0,2,1,2,2,2
Extremadura,1998-99,1,2,2,1,2,2,0,2,2,0,2,0,2,2,1,0,2,2,1,1,2,1,0,2,2,0,2,1,1,1
Valladolid,1998-99,1,2,1,0,2,0,2,0,1,0,2,2,2,0,2,2,2,2,1,1,2,0,0,0,0,1,1,0,2,0
Santander,1998-99,1,2,0,2,0,0,1,1,2,0,1,2,2,1,1,2,0,2,1,2,0,1,2,0,0,2,2,2,0,2
Barcelona,1998-99,1,0,1,1,0,1,0,0,2,0,2,2,2,2,0,0,0,0,0,0,0,0,1,2,0,0,0,0,0,0
Real Sociedad,1998-99,1,1,2,2,0,1,0,2,0,2,1,0,0,2,0,2,0,1,0,2,1,2,0,0,1,1,2,1,0,1
Oviedo,1998-99,1,0,2,1,0,2,1,2,0,0,2,2,0,0,0,2,1,1,1,0,1,0,2,1,2,1,1,2,1,2
Salamanca,1998-99,1,2,0,2,0,1,0,2,2,2,0,2,1,2,2,2,2,1,2,2,0,2,0,2,2,2,2,2,2,1
Mallorca,1998-99,1,0,0,1,1,0,0,1,0,2,0,2,0,0,1,2,0,2,2,0,2,0,0,1,2,0,2,0,0,2
Zaragoza,1998-99,0,0,2,0,0,2,2,2,0,2,1,0,1,2,1,0,1,0,2,2,1,1,0,0,2,2,1,0,2,1
Atletico de Bilbao,1998-99,2,0,0,2,2,0,2,1,2,2,0,0,1,0,0,0,2,0,1,0,2,1,0,1,2,0,1,1,1,0
Real Madrid,1998-99,0,0,1,0,2,0,1,0,1,2,2,0,1,0,2,0,2,0,2,0,0,2,2,2,0,0,0,0,2,0
Villarreal,1998-99,2,1,2,0,1,1,1,2,2,0,2,0,0,0,2,2,1,0,1,2,2,0,2,1,1,1,1,2,1,2
Atletico de Bilbao,1999-00,0,2,1,1,2,2,0,0,2,1,1,0,0,1,1,1,1,0,0,2,0,2,0,1,2,1,2,2,2,1
Betis,1999-00,2,1,2,0,2,0,2,0,0,0,2,0,1,2,2,0,2,2,2,0,2,1,2,0,1,1,1,1,2,1
Mallorca,1999-00,2,2,0,2,0,2,1,2,0,1,0,0,0,1,1,2,0,1,2,2,0,2,0,1,0,2,1,1,2,2
Real Madrid,1999-00,0,0,1,1,1,2,1,1,1,2,0,1,2,2,1,0,0,0,0,0,1,0,2,0,1,0,1,0,1,1
Valencia,1999-00,2,2,2,2,1,0,0,2,0,1,2,0,1,0,0,0,1,1,2,1,2,0,0,1,1,0,0,2,1,0
Santander,1999-00,0,2,0,1,2,1,0,0,2,1,1,2,1,2,1,2,1,0,2,1,2,0,2,0,0,1,2,2,0,2
Atletico de Madrid,1999-00,2,2,2,1,0,2,0,2,0,0,1,2,2,0,2,2,0,2,0,1,1,0,1,2,1,2,1,2,1,2
Rayo Vallecano,1999-00,0,0,0,0,2,1,0,0,2,0,2,2,2,2,0,2,1,2,0,1,2,2,0,1,2,2,2,1,0,1
Barcelona,1999-00,0,0,0,2,0,0,1,1,0,2,2,2,2,0,2,0,1,0,0,1,0,1,2,2,0,2,0,0,0,0
Zaragoza,1999-00,2,0,1,1,0,0,2,0,0,1,0,2,1,0,1,1,0,1,0,1,2,0,1,1,2,0,1,0,1,0
Deportivo,1999-00,0,1,0,1,2,0,1,0,2,0,0,0,0,0,0,0,2,2,1,2,0,2,0,2,0,0,2,0,2,0
Alaves,1999-00,2,0,0,0,2,1,2,2,1,0,2,0,0,1,0,1,2,1,2,0,0,2,0,0,1,0,0,0,1,2
Malaga,1999-00,0,2,0,2,1,1,2,2,2,1,0,0,1,2,2,1,0,1,0,0,2,1,1,2,0,1,0,1,1,2
Espanol,1999-00,2,0,2,0,0,0,2,1,2,1,1,2,2,0,1,2,0,2,1,2,0,1,2,1,1,0,2,0,1,0
Numancia,1999-00,0,2,2,1,0,1,2,1,2,0,1,0,2,0,1,0,2,1,0,2,1,0,2,0,2,2,2,1,2,0
Valladolid,1999-00,2,0,2,0,1,2,1,0,2,2,2,2,1,0,1,1,0,1,2,0,2,0,1,1,2,0,0,0,2,0
Oviedo,1999-00,0,2,2,2,0,2,1,1,0,1,2,2,1,2,1,0,2,0,1,2,0,2,0,2,1,2,1,1,0,2
Celta de Vigo,1999-00,2,0,0,2,0,0,0,2,0,2,0,0,0,2,1,2,2,1,2,0,0,2,2,0,2,2,0,2,1,1
Sevilla,1999-00,1,2,1,1,2,1,0,2,1,2,1,2,1,2,0,2,2,0,2,1,2,2,0,1,1,1,2,2,0,1
Real Sociedad,1999-00,1,0,2,0,2,2,2,1,1,2,0,1,0,1,2,1,1,2,1,1,1,0,2,2,0,1,0,2,0,2
Barcelona,2000-01,0,2,0,2,0,0,2,1,0,2,2,0,1,0,1,0,0,0,0,1,0,2,2,0,1,1,1,0,1,1
Malaga,2000-01,2,1,0,2,2,0,1,0,2,1,2,0,2,0,2,0,0,0,2,1,2,2,2,0,0,0,1,2,0,1
Deportivo,2000-01,0,0,1,0,2,1,0,0,2,0,1,0,0,1,2,0,2,0,0,1,0,0,0,1,2,0,2,0,2,0
Atletico de Bilbao,2000-01,2,0,2,0,1,2,1,2,1,0,2,0,2,0,1,1,2,0,0,1,2,0,2,0,1,1,1,2,2,2
Real Sociedad,2000-01,1,2,1,0,2,2,2,0,2,2,0,2,1,2,2,2,1,2,1,0,1,2,0,2,0,2,1,1,0,1
Santander,2000-01,1,2,2,1,2,0,2,0,2,1,1,2,2,0,2,1,2,2,2,2,2,0,2,0,2,0,2,0,1,0
Real Madrid,2000-01,0,1,0,1,0,2,0,2,2,0,0,0,0,0,0,0,0,0,1,0,0,2,0,1,1,0,2,0,0,0
Valencia,2000-01,2,0,0,0,1,0,0,0,2,1,1,0,1,0,0,1,0,2,2,2,1,0,0,0,1,0,2,2,0,2
Zaragoza,2000-01,2,1,1,2,1,2,1,0,0,2,0,2,1,1,0,1,1,0,1,2,0,2,0,2,1,2,1,2,0,1
Espanol,2000-01,0,2,2,2,1,2,0,1,0,1,0,0,2,2,2,2,0,2,0,0,0,2,2,1,1,1,0,0,2,0
Las Palmas,2000-01,2,1,1,2,0,0,0,2,2,2,0,0,1,2,2,0,0,0,1,2,0,2,2,2,1,2,0,2,2,2
Alaves,2000-01,0,2,1,0,1,0,0,2,0,2,1,2,0,2,0,2,2,2,2,0,2,0,0,1,1,0,1,1,0,0
Mallorca,2000-01,1,2,2,2,0,1,0,0,0,0,2,0,1,1,1,0,1,0,1,2,1,0,0,2,0,1,0,1,0,0
Valladolid,2000-01,1,0,1,1,1,1,2,1,2,0,2,0,1,2,1,1,0,2,1,0,1,0,2,0,2,2,2,2,2,0
Numancia,2000-01,0,2,2,0,1,2,2,1,0,2,2,2,1,1,2,0,2,2,0,2,1,2,0,2,0,2,1,2,2,1
Oviedo,2000-01,2,1,2,0,1,0,2,0,2,0,0,2,0,2,0,2,2,2,1,0,2,2,2,2,2,1,0,1,2,2
Osasuna,2000-01,2,0,1,2,1,1,2,2,1,1,1,2,2,1,0,2,0,2,1,2,2,2,2,0,0,2,1,0,1,2
Celta de Vigo,2000-01,0,0,0,2,1,2,0,2,0,2,1,2,1,2,1,2,2,2,1,0,1,0,1,1,0,0,0,0,0,2
Villarreal,2000-01,2,0,0,1,1,2,1,2,0,0,2,2,1,0,0,1,2,0,2,0,0,0,0,2,2,1,0,2,1,2
Rayo Vallecano,2000-01,0,1,1,0,1,0,2,2,0,1,0,2,0,1,1,2,1,0,1,2,2,0,1,1,2,2,2,0,2,1
Valencia,2001-02,0,1,0,1,1,1,0,1,0,1,0,1,1,2,1,2,0,0,0,2,2,0,0,0,1,1,0,0,0,2
Real Madrid,2001-02,2,1,2,0,1,2,0,1,1,0,0,2,0,0,0,0,0,1,0,0,1,1,2,2,0,2,0,0,0,1
Deportivo,2001-02,0,0,2,0,1,1,0,0,0,2,0,2,0,2,2,0,1,0,2,2,0,1,2,0,1,2,0,0,1,0
Valladolid,2001-02,2,1,0,2,1,2,0,0,2,1,0,2,0,2,0,2,1,2,0,0,0,1,2,0,2,1,0,2,2,1
Espanol,2001-02,0,2,2,2,0,0,1,2,0,1,2,2,0,2,0,1,2,0,2,1,1,2,0,1,0,1,0,1,0,2
Zaragoza,2001-02,2,1,0,2,1,0,0,2,2,2,0,0,2,0,2,2,2,0,2,1,2,0,1,1,2,0,2,2,2,1
Malaga,2001-02,0,1,2,1,2,2,1,0,1,0,2,2,0,2,0,1,1,2,0,1,1,1,1,2,0,1,0,2,0,0
Betis,2001-02,2,0,0,0,0,1,0,2,1,2,2,1,0,0,0,1,0,2,2,1,1,1,0,1,1,0,0,1,0,1
Mallorca,2001-02,2,0,1,2,2,2,2,1,0,2,0,0,2,0,1,1,2,1,2,2,0,0,2,2,1,2,2,0,0,1
Las Palmas,2001-02,0,2,2,1,2,0,2,0,1,2,0,2,1,2,0,1,1,0,1,0,2,2,1,1,2,1,2,2,0,2
Osasuna,2001-02,2,2,1,0,0,0,1,2,2,0,2,1,2,2,2,0,1,2,0,1,1,0,1,1,0,1,2,1,2,2
Celta de Vigo,2001-02,0,0,1,0,1,1,1,0,1,1,2,2,2,0,0,1,0,0,1,1,1,0,0,2,1,1,2,2,0,0
Real Sociedad,2001-02,2,2,1,2,2,2,1,2,0,0,0,2,2,0,2,1,2,0,1,2,2,2,0,2,0,0,1,1,2,0
Atletico de Bilbao,2001-02,0,2,0,1,0,1,2,2,1,1,0,0,1,0,0,1,1,0,2,0,2,1,2,0,1,0,2,0,2,0
Rayo Vallecano,2001-02,2,1,2,2,2,2,2,0,2,0,2,0,2,2,2,1,1,0,1,1,0,2,0,1,2,0,1,2,1,0
Villarreal,2001-02,0,0,2,0,0,1,2,2,1,2,2,0,1,0,2,1,2,2,2,1,1,0,2,0,1,1,2,1,2,1
Sevilla,2001-02,2,1,0,0,2,0,1,1,2,1,0,1,2,0,2,1,0,2,0,2,0,0,2,1,1,2,0,2,2,2
Barcelona,2001-02,0,1,1,0,0,0,2,1,1,0,2,0,1,2,2,1,0,2,0,0,2,2,0,0,1,0,2,0,2,1
Tenerife,2001-02,2,2,0,2,1,2,0,0,2,2,2,0,1,0,2,2,1,2,0,2,1,2,2,1,1,2,0,1,0,1
Alaves,2001-02,0,0,1,2,1,0,2,1,0,0,2,0,0,2,0,0,2,2,2,0,0,2,0,2,2,2,2,0,2,2
Santander,2002-03,2,0,2,1,0,0,2,1,2,2,2,0,2,0,0,2,2,2,2,2,0,0,0,2,2,2,2,0,1,0
Valladolid,2002-03,0,0,2,1,2,0,2,2,0,1,2,2,2,0,2,0,1,0,2,0,2,2,2,0,1,1,2,2,2,0
Barcelona,2002-03,1,0,0,2,1,2,0,1,0,2,1,2,2,2,0,0,1,2,2,2,1,0,0,1,1,1,0,2,2,1
Atletico de Madrid,2002-03,1,1,0,1,2,1,1,0,1,0,0,2,0,2,2,2,0,1,2,0,1,0,2,0,0,2,1,2,1,1
Deportivo,2002-03,2,0,0,0,2,2,0,1,1,0,1,1,1,0,0,0,2,0,2,0,1,0,0,0,0,0,2,0,0,0
Betis,2002-03,0,1,1,0,1,2,1,0,1,0,2,0,0,2,0,2,1,0,0,2,2,0,2,2,2,1,1,0,2,1
Recreativo de Huel,2002-03,2,2,2,1,2,2,1,0,2,2,0,2,1,2,2,2,1,1,0,2,1,2,0,0,1,1,1,0,0,2
Malaga,2002-03,0,0,1,1,0,1,2,2,0,1,1,2,1,2,2,1,1,1,0,0,2,2,1,2,0,2,1,0,0,0
Mallorca,2002-03,2,2,2,0,0,0,0,0,0,0,1,1,2,2,2,2,0,1,2,2,2,2,1,2,0,1,0,1,1,1
Valencia,2002-03,0,0,1,0,2,1,0,0,1,2,0,1,0,0,2,2,1,0,0,0,1,0,0,1,2,2,1,2,0,2
Real Sociedad,2002-03,0,0,1,0,0,1,0,0,1,1,1,0,0,0,0,1,1,0,0,2,1,2,0,2,0,0,1,2,0,0
Atletico de Bilbao,2002-03,2,2,1,2,0,1,2,0,1,0,0,2,2,2,0,0,2,2,1,0,1,0,1,2,2,0,2,0,1,1
Rayo Vallecano,2002-03,1,2,0,2,1,0,2,2,2,2,1,2,0,0,2,0,2,2,2,1,0,2,2,2,0,2,1,2,1,2
Alaves,2002-03,1,2,0,2,2,1,2,0,2,0,1,1,2,0,2,0,1,1,0,1,2,0,2,2,2,1,2,1,2,2
Sevilla,2002-03,2,1,1,1,1,2,0,2,0,2,1,2,2,0,0,0,1,1,2,0,1,2,0,0,0,1,0,2,0,2
Celta de Vigo,2002-03,0,0,0,1,0,2,1,2,0,2,1,0,0,2,0,2,2,2,0,2,0,0,1,1,2,0,0,1,0,0
Villarreal,2002-03,1,2,2,1,1,0,1,2,2,0,1,0,1,2,2,0,0,1,2,0,0,2,2,0,2,2,1,0,2,1
Osasuna,2002-03,1,2,2,2,1,0,2,2,2,0,1,0,0,0,2,2,1,1,0,2,1,0,2,1,2,1,1,2,2,2
Real Madrid,2002-03,0,1,0,1,0,2,1,1,0,1,1,0,0,0,0,0,0,1,1,1,0,2,0,0,0,0,0,0,2,1
Espanol,2002-03,2,2,2,1,2,0,0,2,2,2,2,0,2,2,0,2,0,1,0,1,1,2,2,0,1,0,1,1,1,1
Albacete,2003-04,2,2,2,2,0,2,0,2,0,2,2,2,0,1,0,0,1,2,2,1,1,2,2,1,0,0,0,2,0,1
Osasuna,2003-04,0,2,0,1,0,1,0,2,0,2,1,1,1,0,0,1,2,1,1,1,0,1,2,2,1,0,1,1,0,1
Atletico de Bilbao,2003-04,2,2,0,1,0,1,0,2,0,2,0,0,2,1,2,0,1,1,2,1,0,0,0,1,1,0,2,2,0,2
Barcelona,2003-04,0,1,0,1,1,2,2,0,0,1,0,2,1,2,2,0,1,2,0,1,0,0,0,0,0,0,0,0,0,1
Espanol,2003-04,1,1,2,2,2,2,2,2,0,2,2,0,2,2,2,2,2,0,0,2,2,0,0,2,2,0,0,2,1,0
Real Sociedad,2003-04,1,1,0,0,2,1,2,0,2,1,2,2,1,1,2,2,2,0,0,0,0,0,2,1,2,2,1,0,2,2
Malaga,2003-04,1,2,2,2,0,0,2,0,2,0,0,1,2,0,2,0,0,2,2,2,2,2,2,0,0,0,2,0,0,1
Villarreal,2003-04,1,1,0,1,0,1,2,1,2,0,2,0,0,2,1,0,0,2,0,0,2,2,2,0,2,2,2,0,2,1
Real Madrid,2003-04,0,1,0,0,2,0,0,0,1,0,2,0,1,0,0,0,0,0,2,1,0,0,0,1,0,0,1,1,2,0
Betis,2003-04,2,1,0,1,0,1,1,0,2,2,2,1,2,1,0,2,2,1,0,1,0,0,0,0,1,1,2,1,2,1
Valencia,2003-04,1,0,0,0,0,0,0,2,1,0,2,1,0,1,0,0,0,0,0,1,2,0,0,1,2,2,0,0,0,0
Valladolid,2003-04,1,0,2,0,2,2,2,0,1,0,1,0,1,1,2,1,0,1,2,1,0,2,2,2,2,2,0,0,2,1
Celta de Vigo,2003-04,1,1,2,1,0,2,2,0,1,2,1,2,0,1,2,1,1,2,0,1,2,2,0,0,2,2,2,2,1,2
Murcia,2003-04,1,1,2,1,2,0,2,2,2,1,2,1,1,1,1,1,2,2,2,1,2,0,2,2,2,2,1,2,2,0
Santander,2003-04,0,1,2,1,2,0,0,2,2,0,0,2,0,2,2,1,1,0,1,1,0,2,2,2,0,2,1,0,1,2
Mallorca,2003-04,2,0,2,1,2,1,2,2,0,2,0,0,0,0,0,2,2,2,2,1,0,2,2,1,1,2,2,0,2,2
Sevilla,2003-04,0,1,2,1,0,1,1,1,1,2,0,2,2,0,0,2,2,0,1,2,2,2,0,0,0,1,0,2,2,2
Atletico de Madrid,2003-04,2,0,2,2,1,2,0,0,0,0,0,2,0,2,0,1,1,1,0,0,1,1,2,2,1,0,1,2,0,1
Zaragoza,2003-04,2,2,0,2,2,1,0,2,1,0,1,0,2,1,2,2,0,1,2,2,2,2,0,2,0,0,0,1,1,0
Deportivo,2003-04,0,0,0,0,2,0,0,0,2,1,0,1,2,1,0,2,0,0,1,0,2,0,0,0,1,2,2,2,0,0
Atletico de Madrid,2004-05,0,0,1,2,0,2,0,2,1,1,1,0,2,0,2,0,2,2,1,2,0,0,1,2,0,2,0,0,1,0
Malaga,2004-05,2,1,0,0,2,0,2,1,1,2,2,2,2,2,0,2,2,2,0,0,2,1,0,0,0,0,2,2,2,1
Espanol,2004-05,1,0,0,2,0,2,2,0,1,0,0,2,0,0,0,1,2,0,1,2,1,2,0,2,0,1,0,2,1,0
Deportivo,2004-05,1,2,0,2,1,0,0,1,1,2,0,0,1,1,1,2,2,1,1,0,1,1,0,2,0,1,0,0,2,0
Numancia,2004-05,1,2,0,2,1,2,2,2,2,2,0,2,0,2,2,1,2,1,1,2,2,2,2,0,1,1,1,2,2,2
Betis,2004-05,1,2,2,0,1,1,1,0,1,1,0,0,0,2,0,2,0,2,0,0,1,0,1,0,2,2,1,0,0,1
Mallorca,2004-05,2,0,2,1,2,2,1,2,2,1,1,0,2,0,2,2,2,1,2,2,0,1,0,2,2,2,0,2,2,2
Real Madrid,2004-05,0,0,2,0,2,2,1,0,0,0,0,2,0,1,0,0,2,0,0,0,0,0,0,2,2,0,1,2,0,0
Osasuna,2004-05,1,0,0,2,0,2,0,2,2,2,0,1,0,2,1,0,0,2,1,2,1,2,2,1,2,1,2,2,0,2
Atletico de Bilbao,2004-05,1,1,2,2,0,2,0,2,1,2,0,2,0,2,0,0,0,1,1,0,1,1,1,0,2,2,0,2,0,2
Santander,2004-05,2,2,1,0,2,1,2,0,0,0,2,1,2,1,2,2,2,0,1,2,1,2,2,0,1,0,2,0,0,2
Barcelona,2004-05,0,0,1,0,0,0,0,0,1,0,2,0,0,0,0,1,0,2,0,0,0,2,0,0,1,1,0,0,0,1
Real Sociedad,2004-05,1,1,2,2,2,0,2,0,0,2,2,0,1,0,2,1,0,2,2,2,2,1,0,0,2,0,2,0,1,0
Levante,2004-05,1,0,2,0,2,0,0,2,0,0,2,2,2,1,2,1,2,2,2,0,1,2,1,1,0,1,2,0,2,2
Sevilla,2004-05,0,2,0,1,0,1,0,0,2,1,2,0,2,0,1,0,0,1,2,0,2,0,0,2,1,1,2,2,0,0
Albacete,2004-05,2,2,2,1,1,0,2,0,1,1,2,1,0,2,2,1,1,0,1,2,2,0,2,2,2,1,2,2,2,2
Zaragoza,2004-05,0,1,0,2,0,2,0,2,0,1,1,2,2,2,1,2,0,0,2,2,0,2,2,1,0,2,0,0,1,1
Getafe,2004-05,2,2,2,0,2,0,2,2,2,0,0,1,2,1,2,1,0,1,1,0,2,0,2,1,0,1,1,0,2,1
Valencia,2004-05,0,1,0,0,0,1,2,2,1,2,1,0,0,0,0,1,0,0,1,2,1,1,2,2,0,1,1,2,0,1
Villarreal,2004-05,2,1,1,1,2,0,1,0,1,0,2,2,2,1,0,0,1,0,0,0,0,0,2,0,2,0,1,0,2,0
Atletico de Bilbao,2005-06,0,1,2,2,1,2,2,2,1,1,2,2,0,1,1,0,2,2,2,1,0,2,2,0,1,2,0,0,1,0
Real Sociedad,2005-06,2,0,2,0,2,1,0,0,2,2,0,2,1,1,2,2,0,2,2,1,2,0,2,2,2,2,0,2,2,2
Alaves,2005-06,1,2,2,1,2,0,1,2,1,2,1,0,2,2,1,2,2,2,0,2,0,1,0,2,1,2,0,1,0,1
Barcelona,2005-06,1,0,2,1,0,1,1,0,0,0,0,0,0,0,0,0,0,0,0,0,0,2,2,0,0,0,2,0,0,1
Valencia,2005-06,0,1,1,1,0,2,0,0,1,2,2,0,0,0,1,0,0,1,0,0,1,0,0,0,1,1,1,2,1,2
Betis,2005-06,2,0,1,1,2,1,0,2,2,1,2,2,1,2,1,2,0,1,0,2,0,2,2,2,0,2,1,1,0,0
Atletico de Madrid,2005-06,1,2,0,2,2,0,2,0,1,1,0,2,1,1,1,1,2,1,2,0,0,0,0,0,0,2,0,1,2,1
Zaragoza,2005-06,1,1,1,0,1,1,2,2,1,2,1,1,2,0,0,1,0,0,0,2,1,0,1,1,2,0,2,0,1,1
Cadiz,2005-06,2,0,1,1,2,1,0,0,1,2,2,2,1,2,2,2,2,0,0,2,1,1,2,2,2,0,2,1,2,1
Real Madrid,2005-06,0,2,2,0,0,0,0,2,0,0,2,2,1,0,0,1,2,1,0,0,0,0,0,0,2,0,1,1,1,0
Celta de Vigo,2005-06,0,0,2,0,0,1,2,0,1,0,2,0,2,0,2,2,2,0,1,0,2,0,0,2,0,0,2,2,2,0
Malaga,2005-06,2,2,0,1,0,2,2,0,1,1,2,0,2,2,2,1,1,2,2,2,2,0,2,2,2,1,1,2,2,1
Espanol,2005-06,2,0,0,2,2,1,2,2,2,1,1,0,1,2,1,1,0,2,0,2,0,2,2,2,0,2,0,2,1,1
Getafe,2005-06,0,1,0,1,0,0,2,0,2,2,2,1,0,2,2,2,0,2,1,0,2,1,1,2,1,0,0,2,2,0
Mallorca,2005-06,2,2,0,1,2,2,1,2,1,0,0,2,2,0,2,1,2,1,2,1,2,2,1,0,0,1,1,1,0,2
Deportivo,2005-06,0,0,1,1,1,2,1,2,0,1,0,0,2,0,0,0,2,0,2,1,2,2,0,1,0,2,2,0,0,2
Osasuna,2005-06,0,2,0,2,0,0,0,2,0,0,0,1,0,0,0,1,0,1,2,2,2,0,1,0,2,2,0,0,0,2
Villarreal,2005-06,2,1,1,2,0,0,1,0,1,0,0,1,0,2,0,0,1,1,2,0,2,1,2,0,1,0,1,1,1,2
Sevilla,2005-06,0,1,2,1,2,1,0,0,1,1,0,0,0,2,2,0,2,0,2,0,0,2,0,0,2,0,2,1,0,0
Santander,2005-06,2,2,0,0,1,2,1,2,1,1,1,2,2,1,0,1,0,1,0,2,1,2,0,2,1,1,2,0,2,1
Valencia,2006-07,0,0,0,1,0,2,0,2,1,1,2,2,2,0,0,0,0,0,0,2,0,2,0,1,0,1,2,0,2,0
Betis,2006-07,2,0,2,2,2,1,2,2,2,0,1,1,2,1,1,0,0,2,1,0,0,1,1,1,0,1,2,1,1,2
Atletico de Bilbao,2006-07,1,2,2,1,2,0,2,1,1,1,2,2,2,0,0,1,0,2,1,0,2,2,0,2,2,1,2,2,0,0
Real Sociedad,2006-07,1,2,2,2,2,2,1,2,2,1,1,1,1,2,0,1,0,2,2,2,1,2,2,2,2,0,1,0,2,0
Deportivo,2006-07,0,1,0,2,0,1,0,2,1,1,2,2,1,2,2,2,0,1,1,1,0,0,1,0,2,2,0,2,0,2
Zaragoza,2006-07,2,0,0,2,1,0,0,0,0,2,0,1,2,0,2,1,0,2,1,1,0,2,0,1,0,1,0,1,0,2
Espanol,2006-07,2,2,0,2,1,1,1,1,1,1,0,1,0,0,2,0,2,0,1,2,2,0,0,0,1,1,1,2,0,2
Gimnastic de Tarra,2006-07,0,2,2,1,2,2,2,2,2,1,2,2,2,0,2,2,1,2,2,0,1,2,2,1,0,0,2,1,2,0
Recreativo de Huel,2006-07,1,0,2,0,0,2,2,2,0,0,0,2,0,2,2,0,0,1,1,2,0,2,0,1,0,1,2,1,0,1
Mallorca,2006-07,1,1,2,0,2,0,1,0,1,2,2,0,1,2,2,2,2,0,2,0,2,0,2,2,0,2,0,1,0,2
Osasuna,2006-07,2,2,0,0,1,2,2,1,2,2,2,0,0,0,0,0,2,0,2,2,1,0,2,2,2,1,0,1,2,1
Getafe,2006-07,0,0,2,1,2,0,0,0,2,0,2,1,1,1,2,2,1,0,0,0,2,0,2,1,1,1,2,1,2,0
Santander,2006-07,2,2,2,1,1,0,1,0,1,1,2,0,1,2,0,0,2,0,1,1,0,2,0,1,0,1,0,0,1,0
Atletico de Madrid,2006-07,0,2,0,0,1,0,2,2,1,0,0,1,0,2,0,1,1,0,0,1,2,0,2,1,2,0,2,1,0,0
Real Madrid,2006-07,1,0,0,0,1,2,0,0,2,0,0,0,0,2,0,2,2,0,0,2,2,0,1,1,1,1,0,0,0,2
Villarreal,2006-07,1,2,2,0,0,1,1,0,0,2,0,2,0,1,2,2,2,0,1,0,2,2,2,0,1,0,1,1,2,2
Celta de Vigo,2006-07,2,0,2,2,1,0,0,2,0,2,0,1,1,1,1,1,2,2,2,2,1,2,0,1,2,1,2,2,2,0
Barcelona,2006-07,0,0,0,1,0,0,2,0,1,0,0,0,1,0,1,1,1,2,0,0,1,0,2,0,2,1,0,0,2,0
Sevilla,2006-07,0,0,0,2,0,2,0,0,0,1,0,0,2,0,0,0,2,2,1,0,1,1,0,1,0,2,0,1,1,2
Levante,2006-07,2,2,0,0,1,2,1,1,0,2,2,1,1,2,1,2,0,2,1,2,0,0,1,1,2,2,1,2,1,2
Murcia,2007-08,0,1,1,2,2,0,1,2,0,1,2,2,1,1,2,0,1,0,2,2,2,1,2,2,2,2,2,2,0,2
Zaragoza,2007-08,2,1,1,0,2,0,0,2,0,0,2,2,1,2,1,1,1,2,1,0,1,0,2,2,2,2,0,2,1,2
Real Madrid,2007-08,0,0,0,1,0,0,0,2,0,0,2,0,1,0,0,0,0,0,0,0,0,2,0,2,2,0,0,2,2,0
Atletico de Madrid,2007-08,2,1,1,0,0,0,2,0,0,0,2,1,0,0,0,1,2,0,0,2,2,1,0,2,2,0,2,0,0,2
Sevilla,2007-08,0,1,0,2,2,2,2,0,0,2,0,2,2,2,0,1,0,0,2,2,0,0,1,0,0,2,0,0,2,2
Getafe,2007-08,2,1,2,1,2,2,2,0,2,0,0,0,1,0,2,2,0,2,2,0,0,2,1,1,0,1,0,0,2,2
Atletico de Bilbao,2007-08,1,2,1,0,2,2,1,0,1,2,0,2,1,0,2,1,1,2,0,2,1,2,0,0,2,1,0,0,0,1
Osasuna,2007-08,1,1,1,2,0,2,0,2,1,0,2,2,2,0,1,2,0,2,2,0,2,2,0,2,0,1,0,1,2,0
Deportivo,2007-08,2,1,0,1,2,2,0,2,2,1,0,2,1,2,2,1,0,2,2,2,0,0,1,2,0,0,1,0,2,0
Almeria,2007-08,0,2,2,1,0,2,1,0,2,2,2,1,1,0,0,2,2,1,0,0,0,0,1,0,2,1,2,1,1,0
Espanol,2007-08,2,1,0,2,0,0,0,0,1,1,1,0,0,1,1,0,0,0,2,2,2,0,2,2,2,0,2,0,2,2
Valladolid,2007-08,0,1,2,1,2,2,2,2,1,1,0,0,2,0,2,1,1,0,0,0,2,2,2,1,0,2,2,1,2,0
Recreativo de Huel,2007-08,1,1,2,0,0,2,2,2,2,1,2,0,2,0,0,1,1,1,2,1,2,2,0,0,1,2,2,0,2,1
Betis,2007-08,1,1,2,2,2,0,1,1,1,2,2,0,2,2,0,0,1,2,0,1,0,2,2,0,1,0,2,2,0,0
Mallorca,2007-08,0,1,2,1,0,2,0,0,1,1,2,2,0,1,2,1,2,2,1,1,0,1,1,1,1,1,0,2,0,0
Levante,2007-08,2,1,2,2,2,2,2,2,2,2,0,2,0,2,2,2,2,1,2,1,0,1,2,0,2,0,2,2,2,2
Santander,2007-08,1,1,0,2,2,0,0,1,0,1,1,0,0,2,0,2,2,0,0,2,1,1,2,1,0,0,0,2,0,0
Barcelona,2007-08,1,0,1,0,0,0,0,2,0,1,0,2,0,1,0,0,2,0,0,0,1,0,1,0,0,2,2,1,0,2
Valencia,2007-08,2,0,0,0,0,0,2,0,2,2,0,0,2,2,1,2,1,1,2,2,2,0,0,1,1,2,1,2,0,2
Villarreal,2007-08,0,2,0,0,0,0,2,0,2,0,0,0,1,2,2,0,1,2,0,0,2,1,0,1,0,1,0,0,0,0
Espanol,2008-09,0,0,1,2,2,1,1,2,0,2,2,2,2,1,2,2,1,1,2,1,1,1,2,0,2,2,1,2,0,1
Valladolid,2008-09,2,0,2,0,2,2,1,2,0,2,0,0,0,1,0,2,2,2,2,1,0,0,2,2,0,0,0,2,2,2
Valencia,2008-09,0,1,0,0,0,0,0,1,2,0,2,1,0,2,0,2,0,1,2,2,0,2,1,1,2,2,1,0,0,0
Mallorca,2008-09,2,1,1,0,0,2,2,0,2,1,2,1,2,2,2,1,2,2,2,0,2,1,0,0,0,1,1,0,2,0
Atletico de Bilbao,2008-09,2,1,0,1,2,2,2,2,2,1,0,2,0,1,0,0,1,0,0,2,0,2,1,1,2,2,2,2,0,2
Almeria,2008-09,0,1,0,2,0,1,2,2,1,2,0,2,2,2,1,2,0,1,1,0,2,2,0,1,0,2,2,2,0,2
Atletico de Madrid,2008-09,0,2,0,0,2,2,2,1,0,1,0,1,0,0,0,0,2,2,1,1,2,0,1,2,0,1,0,2,2,0
Malaga,2008-09,2,1,2,2,0,0,0,0,2,2,1,1,0,2,0,1,0,0,0,1,2,0,1,0,2,0,1,2,2,0
Betis,2008-09,2,1,1,2,2,2,0,0,2,0,0,0,2,1,2,2,2,2,0,2,1,0,1,2,1,1,1,1,1,0
Recreativo de Huel,2008-09,0,2,2,1,2,2,1,1,1,2,2,2,2,0,0,2,0,1,0,0,1,2,1,1,0,2,1,2,2,2
Deportivo,2008-09,0,2,1,1,2,0,1,2,0,0,2,0,0,0,2,0,0,2,2,2,0,1,1,1,0,0,2,1,2,2
Real Madrid,2008-09,2,0,0,0,0,1,0,0,1,0,2,0,2,2,2,0,0,0,0,0,0,0,0,0,0,1,0,0,0,0
Sporting de Gijon,2008-09,2,2,2,2,2,0,0,0,0,2,0,2,0,2,2,0,2,0,2,2,0,2,2,2,2,0,0,2,2,2
Getafe,2008-09,0,1,1,2,0,1,2,0,1,2,2,1,0,1,0,2,2,2,2,0,1,1,1,1,2,2,2,0,2,0
Numancia,2008-09,0,2,2,2,1,2,2,0,2,2,0,1,2,0,2,0,2,0,2,2,2,2,2,2,2,0,2,0,1,1
Barcelona,2008-09,2,1,0,0,0,0,0,0,0,0,0,1,0,0,0,0,0,0,0,0,0,0,1,2,2,0,0,0,0,0
Osasuna,2008-09,1,1,2,1,1,2,2,2,2,1,2,0,2,1,2,0,1,2,2,1,0,0,1,0,1,2,1,0,0,0
Villarreal,2008-09,1,0,0,0,0,0,1,1,0,0,1,2,0,1,2,2,2,1,0,1,2,0,1,0,1,0,2,0,2,2
Santander,2008-09,1,1,2,2,2,0,1,2,0,0,2,0,2,1,1,1,0,1,0,0,2,2,1,2,1,2,0,2,0,2
Sevilla,2008-09,1,0,1,0,0,0,0,2,2,0,0,1,2,0,0,1,1,0,0,2,2,2,0,0,0,0,1,0,0,2
Real Madrid,2009-10,0,0,0,0,0,2,0,1,0,0,0,2,0,0,0,1,0,2,0,0,0,0,0,0,0,0,0,0,0,0
Deportivo,2009-10,2,0,2,0,0,0,0,2,1,0,0,0,2,1,1,1,0,2,0,2,1,2,0,2,0,1,2,2,2,2
Zaragoza,2009-10,0,2,2,1,0,2,1,2,0,2,1,2,2,2,2,1,2,1,2,0,0,1,2,0,1,1,2,2,0,0
Tenerife,2009-10,2,0,2,0,2,2,2,0,2,1,2,1,0,2,1,2,2,1,1,2,2,0,2,2,2,0,2,1,1,2
Malaga,2009-10,0,2,2,2,2,1,2,2,2,1,1,1,1,1,0,1,1,0,2,0,1,0,0,2,2,2,0,2,1,2
Atletico de Madrid,2009-10,2,1,2,1,1,0,2,1,2,2,2,0,0,2,1,0,0,0,2,2,1,0,2,0,1,0,2,0,2,0
Valencia,2009-10,0,0,1,2,1,0,1,0,0,0,0,1,0,2,1,0,0,0,1,2,0,1,0,2,1,2,0,0,2,0
Sevilla,2009-10,2,0,0,0,0,0,2,1,0,0,0,1,1,0,2,2,2,2,0,0,2,0,0,1,2,1,2,1,2,0
Mallorca,2009-10,0,1,0,2,0,2,0,1,0,2,0,1,0,0,2,0,2,0,1,2,0,2,2,0,0,2,0,1,2,1
Xerez,2009-10,2,2,2,2,1,1,0,2,2,1,1,2,2,2,2,2,2,1,2,0,2,2,2,1,0,2,0,1,0,1
Almeria,2009-10,1,2,0,1,1,2,0,2,2,0,2,2,2,1,2,0,1,1,2,1,0,1,0,0,1,0,2,0,2,1
Valladolid,2009-10,1,2,0,2,2,1,2,0,1,1,2,1,1,1,0,2,2,1,2,1,2,1,1,2,2,2,0,1,2,2
Santander,2009-10,2,1,0,2,1,2,1,1,2,2,2,2,0,0,2,0,0,1,0,1,1,2,2,2,1,1,0,1,2,2
Getafe,2009-10,0,2,2,0,2,0,2,0,2,2,0,0,2,0,0,0,2,2,0,1,2,1,2,2,1,0,1,2,0,1
Osasuna,2009-10,1,2,2,0,0,2,0,1,1,2,2,0,1,2,2,1,2,0,0,0,0,2,1,2,1,2,2,2,0,2
Villarreal,2009-10,1,1,2,2,2,1,2,0,0,2,0,2,0,0,0,1,1,2,0,2,2,0,2,0,1,0,2,1,0,0
Atletico de Bilbao,2009-10,0,0,0,2,2,1,2,2,0,0,1,0,2,0,0,2,1,0,2,2,0,2,0,1,0,1,1,2,0,2
Espanol,2009-10,2,2,0,0,1,1,0,1,1,2,2,2,2,2,0,2,0,2,1,0,2,0,2,1,1,2,0,1,1,1
Barcelona,2009-10,0,0,0,0,0,0,1,0,1,0,1,0,0,0,0,1,0,0,0,0,0,2,0,0,1,0,0,0,0,0
Sporting de Gijon,2009-10,2,0,1,1,2,0,0,1,1,0,1,0,2,2,2,1,0,2,2,2,2,1,0,0,2,1,2,0,1,1
Hercules,2010-11,2,0,2,1,0,2,1,1,2,2,0,2,0,2,0,1,2,0,2,2,2,2,0,2,1,2,2,2,2,0
Atletico de Bilbao,2010-11,0,2,1,0,2,2,0,2,0,2,0,2,0,2,0,0,2,1,0,0,0,0,2,2,2,2,0,1,2,0
Levante,2010-11,2,2,2,0,1,1,0,2,2,2,2,0,2,0,1,2,2,2,2,2,0,0,0,2,0,1,0,1,0,0
Sevilla,2010-11,0,1,0,1,2,0,2,0,2,0,0,2,2,2,2,2,0,0,2,0,1,1,2,0,1,0,2,1,0,0
Malaga,2010-11,2,0,2,0,2,1,2,2,2,2,0,2,2,0,2,2,0,1,2,2,2,1,1,1,0,2,2,0,0,2
Valencia,2010-11,0,0,0,1,0,0,2,2,1,2,0,1,0,2,1,0,0,0,0,0,1,0,0,1,0,2,0,2,2,0
Deportivo,2010-11,1,1,1,2,2,2,1,2,0,0,1,0,2,0,2,1,0,2,2,2,1,2,0,1,1,1,0,2,2,0
Zaragoza,2010-11,1,2,2,1,2,1,2,2,1,0,2,1,2,1,2,1,0,2,0,0,0,1,2,2,1,0,2,0,2,2
Espanol,2010-11,0,2,0,2,0,2,0,0,2,0,1,0,0,0,2,2,2,0,0,0,2,2,2,2,0,2,2,0,2,2
Getafe,2010-11,2,0,1,2,0,0,2,0,2,2,2,1,0,0,0,0,2,1,2,2,2,0,1,2,1,1,2,1,2,2
Mallorca,2010-11,1,2,0,2,0,1,2,0,0,2,1,0,0,2,2,2,0,0,2,2,2,1,0,2,2,0,2,1,0,2
Real Madrid,2010-11,1,0,0,0,1,0,0,0,0,0,0,0,2,0,0,0,0,0,1,0,2,0,0,0,1,0,0,0,0,2
Osasuna,2010-11,1,2,2,0,2,1,1,0,2,0,2,0,2,2,1,1,2,1,2,2,0,1,2,0,2,1,0,0,0,2
Almeria,2010-11,1,1,2,2,0,1,2,1,1,1,2,2,2,1,0,2,2,2,1,0,2,0,2,1,2,1,0,1,2,2
Santander,2010-11,2,2,0,1,2,2,0,2,0,2,1,2,0,2,0,1,1,1,2,2,1,1,0,0,1,1,2,2,0,0
Barcelona,2010-11,0,2,0,0,0,1,0,0,0,0,0,0,0,0,0,0,0,0,0,0,0,0,1,0,0,0,0,1,0,0
Real Sociedad,2010-11,0,1,2,2,2,0,2,0,0,0,2,2,0,0,2,2,2,2,0,2,0,2,0,0,2,1,2,2,2,2
Villarreal,2010-11,2,0,0,0,0,0,1,0,1,0,2,1,0,0,2,0,0,2,0,0,0,2,2,1,1,0,2,1,0,2
Atletico de Madrid,2010-11,0,0,2,1,0,2,0,2,1,2,0,0,2,2,0,0,1,2,0,2,2,2,2,0,1,1,0,1,2,0
Sporting de Gijon,2010-11,2,0,1,2,2,1,0,2,1,1,2,2,2,2,1,1,2,1,0,0,0,2,1,1,1,2,0,1,0,0
Espanol,2011-12,0,2,0,2,0,2,2,0,0,0,2,1,1,2,2,0,0,1,1,2,0,1,2,1,2,2,0,0,1,2
Granada,2011-12,2,2,2,0,2,1,2,1,2,2,0,1,1,0,0,2,0,2,2,0,0,0,2,0,2,2,2,0,2,2
Santander,2011-12,2,2,1,2,1,1,1,2,2,1,0,1,2,2,0,1,1,0,0,1,1,1,1,2,1,2,2,2,2,1
Getafe,2011-12,0,1,2,2,2,0,2,1,1,1,2,0,2,0,2,0,0,1,1,1,0,2,2,1,1,2,0,0,1,0
Real Sociedad,2011-12,2,0,1,2,0,2,2,2,1,2,2,2,1,0,0,1,1,1,0,1,0,2,0,2,0,2,0,2,2,2
Atletico de Madrid,2011-12,0,1,2,0,0,2,1,1,1,2,0,2,0,2,0,2,2,1,0,1,0,1,1,1,2,1,0,2,0,2
Betis,2011-12,1,0,0,0,0,2,2,2,2,2,2,1,2,2,2,0,0,0,2,0,2,2,0,0,1,2,2,2,1,1
Sevilla,2011-12,1,0,1,0,1,0,1,0,1,1,2,1,2,0,0,2,2,2,1,2,2,2,2,0,0,1,2,2,0,0
Osasuna,2011-12,1,1,0,2,1,1,1,2,0,1,0,2,1,0,0,1,0,1,2,2,2,1,0,2,0,1,0,1,1,0
Valencia,2011-12,1,0,0,0,1,2,0,1,1,0,0,0,2,0,0,2,0,1,2,0,1,1,0,2,2,0,1,0,2,2
Rayo Vallecano,2011-12,2,1,1,0,2,2,1,2,0,0,2,0,1,2,2,2,2,0,0,2,2,0,0,0,2,0,2,0,2,2
Mallorca,2011-12,0,0,2,2,2,0,1,1,1,2,2,1,1,0,1,0,2,1,2,0,2,0,2,0,2,1,1,0,0,2
Malaga,2011-12,2,2,0,0,0,1,0,2,2,2,0,1,0,0,2,1,2,1,2,2,0,2,0,2,0,0,0,1,0,0
Barcelona,2011-12,0,0,1,0,1,0,0,0,1,0,0,1,0,2,0,0,0,1,0,0,1,0,2,0,0,0,0,0,0,0
Levante,2011-12,1,1,1,0,0,0,0,0,0,0,2,2,2,0,2,0,2,1,2,2,2,1,2,2,0,0,2,0,0,2
Zaragoza,2011-12,1,2,1,0,2,1,1,0,2,2,2,1,2,2,2,2,2,2,1,0,2,2,0,2,2,0,2,1,0,0
Real Madrid,2011-12,0,0,0,2,1,0,0,0,0,0,0,0,0,0,0,2,0,0,0,0,0,0,0,0,0,0,0,1,1,0
Atletico de Bilbao,2011-12,2,1,2,2,2,1,0,0,1,0,1,1,0,2,1,1,0,1,0,2,0,1,2,0,1,0,2,2,2,1
Villarreal,2011-12,0,2,1,2,0,1,1,1,2,2,0,1,0,2,2,1,2,1,2,0,1,0,0,2,1,2,2,2,1,0
Sporting de Gijon,2011-12,2,2,2,2,2,1,2,2,0,0,1,1,0,2,2,0,2,2,0,2,2,1,2,1,1,2,0,2,2,1
Celta de Vigo,2012-13,2,2,0,2,0,2,0,2,1,2,2,1,0,1,2,2,2,0,2,1,1,2,2,2,0,2,2,2,1,2
Malaga,2012-13,0,1,0,0,1,0,2,0,1,2,2,1,0,2,0,0,0,2,2,1,0,1,0,0,2,1,1,2,0,2
Sevilla,2012-13,0,1,1,0,0,2,2,0,2,1,2,0,2,2,1,2,2,0,2,1,0,0,2,0,2,0,2,0,2,0
Getafe,2012-13,2,0,1,2,2,0,0,2,0,2,2,0,0,0,1,1,2,2,1,1,2,0,2,0,0,0,1,0,1,1
Mallorca,2012-13,0,1,0,1,0,2,2,2,2,2,2,1,2,1,2,2,0,1,2,2,2,2,1,2,2,0,0,2,2,2
Espanol,2012-13,2,2,2,1,2,2,1,0,1,0,2,2,2,1,1,1,0,2,0,0,1,0,0,0,2,1,2,0,1,0
Atletico de Bilbao,2012-13,2,2,0,1,1,2,0,2,2,0,0,2,1,2,0,0,2,2,2,1,0,1,2,2,2,0,0,2,0,2
Betis,2012-13,0,2,2,0,0,2,0,1,0,0,2,2,0,0,2,0,2,0,0,1,2,2,1,2,0,1,0,2,1,0
Real Madrid,2012-13,1,2,0,2,0,0,1,0,0,0,0,0,2,0,0,1,2,0,1,0,0,2,0,0,0,0,0,0,1,0
Valencia,2012-13,1,1,2,0,2,0,2,0,2,0,1,0,2,2,0,2,0,0,0,2,0,1,0,0,1,1,2,0,1,0
Barcelona,2012-13,0,0,0,0,0,0,1,0,0,0,0,0,0,0,0,0,0,0,0,2,0,1,0,0,0,2,0,0,1,0
Real Sociedad,2012-13,2,0,2,0,2,0,2,2,1,2,0,0,1,0,1,1,0,2,1,0,1,0,0,1,0,1,0,0,1,0
Levante,2012-13,1,2,0,2,0,2,0,0,0,1,2,0,2,1,0,0,2,0,2,2,0,2,2,1,2,1,1,1,0,2
Atletico de Madrid,2012-13,1,0,0,0,0,0,0,0,0,2,0,0,0,2,0,2,0,1,0,0,2,0,2,0,0,1,2,0,1,1
Deportivo,2012-13,0,1,1,1,2,2,2,2,1,0,2,2,1,2,2,1,2,0,1,2,2,2,2,2,2,1,2,0,0,0
Osasuna,2012-13,2,2,2,1,2,0,2,1,2,2,0,1,1,0,2,1,2,2,1,0,2,0,1,0,0,2,2,2,0,2
Rayo Vallecano,2012-13,0,0,1,2,2,2,0,2,2,0,0,2,0,2,2,0,0,0,0,2,0,2,0,2,2,1,0,2,2,0
Granada,2012-13,2,1,2,1,2,0,0,2,2,2,0,2,2,1,2,1,0,2,1,0,2,0,0,2,2,2,1,1,2,2
Zaragoza,2012-13,2,0,2,2,0,2,2,0,0,2,0,2,2,1,0,2,0,2,2,2,1,1,2,2,1,2,1,2,1,2
Valladolid,2012-13,0,0,2,2,2,0,1,2,1,0,1,2,0,0,2,1,2,2,0,0,2,1,1,2,0,1,1,2,2,2
Real Sociedad,2013-14,0,1,2,1,1,2,1,2,0,0,1,0,2,0,0,0,0,0,2,1,0,2,1,0,0,2,2,0,2,0
Getafe,2013-14,2,1,2,0,2,0,0,0,0,2,0,2,1,2,0,2,2,2,2,1,2,1,2,2,1,1,2,1,2,2
Valladolid,2013-14,2,2,0,1,2,1,1,2,1,0,1,2,1,2,2,0,2,1,2,2,0,1,1,2,1,1,0,2,1,2
Atletico de Bilbao,2013-14,0,0,2,0,2,0,2,1,0,0,1,2,0,0,0,1,0,2,0,0,0,1,1,2,0,0,1,1,0,1
Valencia,2013-14,0,2,2,2,0,0,0,1,2,2,2,0,1,2,0,2,2,0,2,1,1,0,0,1,0,2,1,2,0,1
Malaga,2013-14,2,2,1,0,1,0,1,2,2,2,1,0,2,2,1,0,0,2,2,1,2,0,2,2,1,1,0,2,0,2
Barcelona,2013-14,0,0,0,0,0,0,0,0,1,0,0,0,0,0,2,0,0,0,1,1,0,2,0,0,2,0,2,0,0,0
Levante,2013-14,2,1,0,1,1,1,0,2,0,0,1,2,2,2,2,0,2,2,0,1,0,1,1,0,1,0,2,2,1,2
Real Madrid,2013-14,0,0,0,1,0,0,2,0,0,2,0,0,0,0,0,1,0,0,0,0,0,1,0,0,0,1,0,0,2,2
Betis,2013-14,2,2,1,0,1,2,0,2,2,2,1,2,2,2,1,2,2,1,2,2,2,0,2,2,2,1,0,1,2,0
Osasuna,2013-14,2,2,2,2,0,2,2,0,1,2,0,2,2,0,2,1,1,0,0,1,2,2,0,1,0,2,2,2,2,2
Granada,2013-14,0,2,1,2,1,2,0,2,2,0,2,0,0,2,2,0,2,2,0,1,2,2,2,0,2,2,0,1,0,2
Sevilla,2013-14,2,1,1,2,2,0,1,0,1,0,2,2,0,0,0,1,0,0,1,1,2,2,2,1,0,0,0,0,0,0
Atletico de Madrid,2013-14,0,0,0,0,0,0,0,0,2,0,0,0,1,0,0,0,0,0,1,1,0,0,2,0,2,1,0,0,0,0
Rayo Vallecano,2013-14,0,2,2,2,2,2,2,0,0,2,2,2,0,2,1,2,2,2,0,2,2,1,0,2,2,0,0,0,1,0
Elche,2013-14,2,1,1,1,2,2,0,0,0,2,1,2,1,0,2,2,2,2,1,0,2,0,1,1,2,0,2,1,2,1
Celta de Vigo,2013-14,1,0,1,2,1,2,2,2,2,0,2,0,2,2,0,2,1,2,0,2,0,0,1,0,1,2,2,0,2,2
Espanol,2013-14,1,0,1,0,0,2,2,2,0,2,1,2,2,0,2,1,0,2,2,0,1,2,0,0,2,1,0,2,1,0
Almeria,2013-14,2,1,1,2,1,2,2,2,2,2,0,0,0,2,2,1,0,0,2,2,0,2,0,2,1,2,2,2,0,1
Villarreal,2013-14,0,0,0,1,1,0,2,0,2,0,2,0,1,0,1,2,2,0,0,0,2,0,2,2,0,1,2,1,2,0
Malaga,2014-15,0,2,1,1,1,2,0,0,0,0,0,2,2,0,0,0,2,1,2,1,0,2,2,0,0,2,0,2,1,2
Atletico de Bilbao,2014-15,2,0,2,2,2,1,2,1,0,0,1,0,0,2,1,2,2,2,2,1,0,2,1,0,0,0,0,0,2,1
Sevilla,2014-15,1,0,0,0,0,2,0,0,0,2,1,2,0,0,1,2,0,0,0,2,0,2,0,2,1,0,0,0,0,0
Valencia,2014-15,1,0,0,0,0,1,0,2,0,0,1,2,2,1,0,0,0,1,0,0,2,0,0,0,0,1,0,0,1,1
Granada,2014-15,0,1,1,0,2,2,2,2,1,2,1,1,2,1,2,1,2,1,2,1,0,2,1,2,2,0,2,1,2,1
Deportivo,2014-15,2,1,0,2,2,2,2,0,1,2,1,1,2,2,0,2,0,1,2,1,0,0,2,2,1,2,2,1,2,1
Almeria,2014-15,1,2,1,0,2,0,1,2,2,2,2,1,2,2,2,0,0,2,2,2,0,0,1,2,1,2,1,2,2,2
Espanol,2014-15,1,2,2,1,0,1,0,2,1,2,1,2,0,2,0,0,2,2,0,0,2,2,0,2,0,2,1,1,1,0
Eibar,2014-15,0,2,2,0,1,1,1,2,1,0,2,2,0,0,1,2,0,0,1,2,2,2,2,2,2,2,2,1,2,0
Real Sociedad,2014-15,2,0,1,2,2,1,2,2,1,2,0,1,0,2,1,1,0,1,2,0,2,1,1,0,2,0,0,0,1,2
Celta de Vigo,2014-15,0,1,1,1,0,0,2,1,0,0,1,2,2,2,2,2,2,1,2,2,0,1,0,0,1,2,2,0,2,1
Getafe,2014-15,2,0,2,2,2,0,1,0,2,0,1,2,2,1,1,1,2,2,2,0,2,0,2,0,2,0,2,2,0,0
Barcelona,2014-15,0,0,0,0,1,0,0,0,2,2,0,0,0,0,1,0,2,0,0,0,0,0,0,2,0,0,0,0,0,0
Elche,2014-15,2,1,0,2,2,2,1,2,2,0,1,1,2,2,2,2,1,0,0,2,2,0,0,2,1,0,2,2,1,2
Levante,2014-15,2,2,1,2,0,2,1,2,2,0,1,0,2,1,1,1,2,1,2,2,2,0,2,0,2,0,2,2,0,2
Villarreal,2014-15,0,2,1,0,1,2,0,0,2,2,1,0,0,0,0,0,1,1,0,0,2,0,2,0,1,0,1,2,1,2
Real Madrid,2014-15,0,2,2,0,0,0,0,0,0,0,0,0,0,0,0,0,2,0,0,0,0,2,0,0,1,2,0,2,0,0
Cordoba,2014-15,2,1,1,2,2,1,1,2,1,2,1,1,2,0,1,2,0,0,1,2,2,2,2,2,2,2,2,2,2,1
Rayo Vallecano,2014-15,1,1,2,2,0,0,2,0,2,2,2,0,0,2,2,2,0,2,0,2,2,2,0,2,0,2,0,0,0,2
Atletico de Madrid,2014-15,1,0,0,1,0,0,2,0,0,0,2,0,0,0,2,0,0,2,0,0,0,0,2,0,1,1,1,0,0,0
Malaga,2015-16,1,2,1,2,2,1,0,2,0,2,2,2,1,1,0,0,0,0,1,2,2,0,0,2,1,1,2,1,0,0
Sevilla,2015-16,1,2,1,2,2,0,0,1,0,2,0,2,0,1,0,1,0,2,0,0,1,0,1,0,1,2,0,1,0,2
Deportivo,2015-16,1,1,0,2,0,0,1,1,2,1,1,0,0,1,1,0,1,2,2,1,1,1,1,1,2,2,2,1,2,0
Real Sociedad,2015-16,1,1,2,2,0,1,2,2,0,2,2,0,2,0,1,2,2,1,0,1,2,0,0,0,0,1,2,1,2,2
Espanol,2015-16,0,2,2,0,0,2,2,0,2,1,2,0,2,1,2,0,2,1,2,2,1,2,2,2,0,0,2,0,1,0
Getafe,2015-16,2,2,2,0,2,0,1,0,2,2,2,1,0,2,1,1,1,0,0,0,2,2,2,2,2,2,2,1,2,1
Atletico de Madrid,2015-16,0,0,2,0,0,2,1,0,0,1,0,0,0,0,0,2,0,0,0,0,1,2,0,0,1,0,0,0,0,2
Las Palmas,2015-16,2,1,1,2,0,2,2,2,1,2,0,1,2,2,0,2,0,1,1,2,2,0,2,2,2,0,0,0,2,0
Rayo Vallecano,2015-16,1,2,2,0,0,2,2,2,0,2,0,1,2,2,2,2,2,1,2,1,0,1,0,1,1,1,2,2,1,1
Valencia,2015-16,1,1,0,1,2,0,2,0,2,0,0,1,2,1,1,1,2,1,2,1,1,2,2,0,0,2,0,2,2,2
Atletico de Bilbao,2015-16,2,2,0,2,2,1,0,1,0,0,0,2,0,1,2,0,0,1,2,2,0,0,1,2,2,0,0,0,0,2
Barcelona,2015-16,0,0,0,0,2,0,2,0,0,0,0,0,0,1,1,0,0,1,0,0,0,0,0,0,0,0,0,0,0,1
Sporting de Gijon,2015-16,1,1,2,0,2,2,0,1,2,0,2,2,2,0,2,2,2,2,2,2,0,0,1,1,1,2,2,2,2,0
Real Madrid,2015-16,1,0,0,0,0,1,1,0,0,0,2,2,0,0,2,0,0,1,0,0,1,0,0,0,1,2,0,0,0,0
Levante,2015-16,2,1,1,2,1,2,0,2,2,2,1,0,2,1,2,2,2,2,0,2,0,2,2,2,0,2,2,1,0,2
Celta de Vigo,2015-16,0,0,1,0,0,1,1,0,2,0,2,2,0,1,0,0,2,2,2,0,2,2,1,2,0,0,1,2,0,0
Betis,2015-16,1,2,0,1,2,0,0,2,1,2,0,2,0,1,2,1,2,2,2,1,1,2,0,1,1,1,0,0,2,2
Villarreal,2015-16,1,0,0,0,0,0,2,2,1,0,2,1,2,0,0,0,0,0,0,1,1,0,1,0,1,0,1,2,2,1
Granada,2015-16,2,0,2,2,2,2,1,1,1,1,2,0,1,2,0,2,2,0,2,2,0,2,2,2,2,0,0,2,1,1
Eibar,2015-16,0,0,1,2,1,1,0,1,2,0,0,1,2,2,1,2,0,0,0,0,2,2,2,0,2,2,2,2,1,1
Malaga,2016-17,1,1,2,2,0,2,0,1,0,2,0,1,0,1,1,2,2,2,2,1,2,1,0,2,2,2,2,1,2,0
Osasuna,2016-17,1,2,2,1,2,2,1,0,2,1,2,2,2,2,2,2,1,1,2,1,2,2,2,2,2,2,1,2,2,0
Deportivo,2016-17,0,1,2,1,2,2,0,2,2,1,1,2,2,0,2,0,1,1,1,2,1,2,2,2,1,0,0,2,2,1
Eibar,2016-17,2,0,0,1,2,0,1,2,1,0,2,0,0,2,1,1,2,0,2,0,0,0,2,0,1,2,1,1,0,0
Barcelona,2016-17,0,0,2,0,1,0,2,0,0,0,0,1,1,1,0,0,1,0,0,1,0,0,0,0,0,0,2,0,0,0
Betis,2016-17,2,1,0,1,2,0,2,2,0,2,2,0,2,1,0,2,0,2,1,1,1,1,2,2,0,2,2,0,2,2
Granada,2016-17,1,2,2,1,2,2,2,2,1,2,1,1,2,0,1,2,2,1,2,2,0,2,0,2,0,2,2,2,2,1
Villarreal,2016-17,1,1,0,0,1,0,1,0,0,2,0,2,2,1,0,0,1,1,2,0,1,1,0,2,0,0,0,2,2,0
Sevilla,2016-17,0,1,0,1,0,2,0,0,0,1,2,0,0,2,0,0,0,0,0,2,1,0,0,0,0,1,1,2,1,2
Espanol,2016-17,2,1,1,2,0,2,1,1,1,0,1,0,0,1,0,2,1,2,0,0,0,2,2,0,1,2,0,1,0,2
Sporting de Gijon,2016-17,0,1,0,2,2,2,2,2,1,1,2,2,2,0,2,2,2,2,1,2,2,0,2,1,2,2,1,0,1,2
Atletico de Bilbao,2016-17,2,2,0,0,0,0,2,0,2,1,1,0,2,0,2,0,1,1,1,0,2,0,2,0,2,0,0,2,0,0
Real Sociedad,2016-17,2,0,1,2,0,2,0,2,0,0,0,0,1,2,0,0,2,0,0,2,0,0,2,0,1,0,2,2,1,2
Real Madrid,2016-17,0,0,0,0,1,1,1,0,0,0,0,0,0,1,0,2,0,2,0,0,0,0,0,0,1,0,0,0,0,0
Atletico de Madrid,2016-17,1,1,0,0,1,0,0,0,2,0,2,2,0,1,2,0,0,0,1,1,0,0,0,2,1,0,0,0,0,0
Alaves,2016-17,1,1,0,1,2,0,2,1,2,2,0,2,0,1,1,0,1,2,1,1,0,2,0,0,2,1,0,0,2,2
Celta de Vigo,2016-17,2,2,2,1,0,0,0,2,0,1,0,2,0,1,2,2,0,0,2,0,2,2,0,1,1,2,2,0,0,2
Leganes,2016-17,0,1,2,2,0,2,0,2,2,2,2,0,2,1,1,1,2,1,1,2,2,2,2,0,2,0,1,1,1,2
Valencia,2016-17,2,2,2,2,0,0,2,0,2,1,2,1,2,1,2,0,1,0,0,2,2,1,0,2,0,2,1,2,0,0
Las Palmas,2016-17,0,0,2,0,2,1,1,1,2,1,0,2,0,1,1,2,0,2,1,0,2,2,2,2,1,0,2,0,2,2
Valencia,2017-18,0,1,1,1,0,0,0,0,0,0,0,0,1,2,0,2,2,0,0,2,2,2,0,0,0,1,0,0,0,0
Las Palmas,2017-18,2,2,0,0,2,2,2,2,2,2,2,2,1,0,2,1,2,2,2,0,2,0,1,2,1,1,2,2,1,2
Leganes,2017-18,0,0,2,2,1,0,1,0,0,2,2,2,2,0,2,2,1,0,2,1,0,1,2,2,1,2,0,2,0,2
Alaves,2017-18,2,2,2,2,2,2,0,2,2,2,0,2,2,0,0,2,0,2,0,1,2,0,0,0,2,0,2,2,2,1
Celta de Vigo,2017-18,2,2,0,2,1,0,1,0,2,2,0,2,0,1,2,2,0,1,0,0,0,2,1,2,0,2,0,2,1,1
Real Sociedad,2017-18,0,0,0,2,2,2,1,0,1,2,0,1,1,2,2,1,0,2,2,2,2,0,2,0,2,1,0,2,2,1
Girona,2017-18,1,0,2,2,1,2,1,2,0,0,0,1,1,2,0,0,2,2,0,1,1,0,2,0,2,0,0,0,2,1
Atletico de Madrid,2017-18,1,0,1,0,0,0,1,1,0,1,0,1,0,0,0,0,2,0,0,1,0,0,0,0,0,0,2,0,2,0
Sevilla,2017-18,1,0,0,0,0,2,0,2,2,0,2,0,0,0,2,1,2,2,2,0,1,2,0,0,2,0,0,2,2,1
Espanol,2017-18,1,2,2,0,1,0,2,1,1,0,2,2,0,2,2,1,0,0,1,2,2,1,1,1,1,0,1,0,2,1
Levante,2017-18,0,1,1,1,0,2,2,1,1,1,2,0,2,1,2,1,1,2,2,2,1,1,2,2,2,2,1,0,0,1
Villarreal,2017-18,2,2,0,0,1,2,0,0,0,1,0,1,2,2,2,0,0,1,0,0,0,2,2,1,0,2,2,0,0,2
Atletico de Bilbao,2017-18,1,0,0,2,2,1,2,0,2,2,2,1,1,1,0,1,0,0,1,1,1,2,1,2,0,1,2,0,2,1
Getafe,2017-18,1,2,0,2,1,0,2,2,1,0,1,0,2,0,1,2,0,2,0,1,1,1,1,0,2,0,2,2,0,2
Malaga,2017-18,2,2,2,2,2,1,2,2,2,0,2,0,2,1,0,2,2,2,2,1,1,2,2,2,2,2,2,2,1,0
Eibar,2017-18,0,2,2,0,2,2,2,1,2,1,2,0,0,0,1,0,0,0,2,1,1,0,0,2,2,0,1,2,2,1
Barcelona,2017-18,0,0,0,0,0,0,0,1,0,0,0,0,1,1,0,0,0,0,0,0,0,1,1,0,0,1,0,0,0,1
Betis,2017-18,2,0,2,0,0,0,1,2,0,2,1,2,1,2,2,0,2,0,0,2,2,0,0,2,0,1,2,0,0,0
Deportivo,2017-18,2,1,2,2,0,2,0,1,2,0,2,2,1,2,0,2,2,1,2,2,1,2,2,2,1,2,1,2,1,2
Real Madrid,2017-18,0,1,1,0,2,0,0,0,0,2,0,1,0,1,0,0,2,1,2,0,0,1,0,0,0,2,0,0,0,0
