Barcelona,1970-71,1,0,1,0,0,0,0,2,0,0,2,0,0,2,0,2,0,0,2,1,0,2,1,0,0,0,0,0,0,1,2.0
Las Palmas,1970-71,1,2,1,1,1,2,2,0,1,2,1,1,2,0,2,2,1,2,2,0,0,2,2,0,2,2,2,1,2,1,14.0
Atletico de Madrid,1970-71,1,0,0,0,0,0,1,1,2,0,1,0,1,0,2,0,2,0,2,0,0,0,2,0,1,0,0,0,1,1,3.0
Real Madrid,1970-71,0,2,0,1,1,0,2,1,2,0,0,1,1,0,0,2,0,2,0,0,1,0,0,0,0,2,0,0,0,1,4.0
Celta de Vigo,1970-71,0,2,1,2,0,1,0,0,1,0,2,0,2,0,0,2,1,2,0,2,0,0,2,0,0,0,2,0,2,1,6.0
Elche,1970-71,1,2,0,2,2,2,1,1,1,2,1,1,1,2,2,2,2,2,1,1,2,2,0,2,1,0,2,2,2,0,15.0
Granada,1970-71,1,0,2,1,2,0,0,2,1,2,1,2,0,2,0,0,2,0,2,1,2,1,0,2,2,2,1,1,0,0,10.0
Espanol,1970-71,2,2,1,0,1,2,1,2,1,2,0,1,0,2,2,2,0,2,0,1,2,2,0,1,2,1,0,1,2,0,11.0
Sevilla,1970-71,0,0,0,1,0,2,1,1,2,2,0,2,0,2,0,0,2,1,0,1,0,2,0,2,1,2,0,2,0,2,7.0
Sabadell,1970-71,1,2,0,2,2,2,0,2,1,0,2,1,2,0,2,2,0,2,0,2,0,2,0,2,1,1,2,2,2,2,13.0
Real Sociedad,1970-71,1,0,1,1,1,0,2,2,0,1,0,2,0,2,2,0,0,0,2,1,2,1,0,2,2,2,2,1,0,1,8.0
Zaragoza,1970-71,1,2,2,2,1,1,2,1,1,2,2,0,2,0,1,2,2,2,2,2,2,0,2,1,2,2,2,1,2,1,16.0
CD Malaga,1970-71,1,0,2,0,1,2,2,1,1,1,2,1,2,2,1,0,1,0,1,1,1,2,2,0,0,0,0,2,1,2,9.0
Las Palmas,1971-72,0,1,0,1,2,1,2,0,1,1,2,0,0,2,0,2,1,0,2,2,2,0,0,0,1,0,2,0,2,0,5.0
Valencia,1971-72,1,1,0,0,0,0,0,1,1,0,2,1,2,0,0,0,2,2,0,2,0,2,0,1,0,2,1,0,2,0,2.0
Espanol,1971-72,1,0,1,0,2,1,2,0,2,1,0,2,2,0,0,0,2,0,2,2,2,0,2,1,2,0,2,2,1,1,12.0
Barcelona,1971-72,0,2,2,2,1,1,0,1,2,2,1,0,0,0,0,0,1,1,0,0,0,1,1,0,0,0,1,0,2,0,3.0
Real Sociedad,1971-72,2,0,2,1,2,0,1,2,0,1,0,2,0,0,0,0,0,1,2,2,0,0,2,0,2,2,0,2,1,2,8.0
Celta de Vigo,1971-72,0,1,2,2,2,2,2,1,0,0,2,0,1,2,2,0,1,1,0,1,1,0,2,2,1,0,2,0,1,1,10.0
Atletico de Madrid,1971-72,2,0,0,2,1,0,1,2,1,1,1,0,0,0,0,2,0,1,2,2,2,1,2,0,1,0,0,1,1,1,4.0
Granada,1971-72,0,2,1,1,0,2,1,1,0,2,0,2,2,1,2,0,2,2,0,0,0,2,0,2,1,1,0,2,0,0,6.0
CD Malaga,1971-72,2,0,0,0,1,1,1,2,1,0,1,1,1,1,0,2,1,0,1,1,2,1,2,2,0,2,1,1,1,1,7.0
Real Madrid,1971-72,0,0,0,1,0,1,0,0,1,1,1,2,0,1,0,0,0,1,1,1,0,0,0,2,0,0,0,2,0,2,1.0
Sabadell,1971-72,2,2,0,0,2,1,2,1,2,0,1,0,2,1,2,2,1,2,0,2,1,2,2,1,2,1,2,1,2,0,18.0
Sevilla,1971-72,0,1,2,1,0,1,0,0,0,2,1,2,0,2,0,2,2,2,1,1,2,2,2,2,1,1,0,1,2,2,16.0
Burgos,1971-72,2,2,0,2,0,1,0,1,1,2,0,2,0,2,2,2,0,0,1,1,0,2,0,2,0,2,2,2,0,2,15.0
Granada,1972-73,1,1,1,2,1,2,1,0,0,2,0,1,0,2,2,2,0,2,0,1,0,1,2,2,1,2,0,1,1,2,13.0
Zaragoza,1972-73,1,0,0,1,0,1,1,2,0,2,1,0,2,2,0,1,2,0,2,1,2,2,0,1,0,2,1,2,1,1,8.0
Las Palmas,1972-73,0,0,1,2,0,2,2,2,2,1,1,1,2,0,2,0,1,2,0,2,2,2,0,0,1,2,1,0,2,0,11.0
CD Malaga,1972-73,1,1,1,0,2,0,0,2,1,0,1,0,2,1,0,0,2,2,0,0,2,1,2,2,1,0,2,0,2,1,10.0
Atletico de Madrid,1972-73,2,0,0,0,1,2,0,0,0,1,2,1,0,0,0,1,1,0,0,2,2,2,0,0,1,0,0,0,0,0,1.0
Valencia,1972-73,0,2,1,1,1,0,1,1,2,2,0,2,0,2,0,1,1,2,1,1,0,2,2,2,0,2,0,2,0,1,6.0
Barcelona,1972-73,0,0,0,0,0,1,0,2,1,1,0,1,0,2,1,0,0,0,1,1,0,1,2,0,0,2,0,2,0,2,2.0
Burgos,1972-73,0,2,1,2,1,2,0,2,0,2,1,2,2,2,1,0,2,2,0,2,1,2,0,2,2,0,0,2,2,2,18.0
Real Sociedad,1972-73,2,1,0,1,2,0,2,0,2,0,0,0,1,0,2,0,2,0,2,0,2,1,2,2,2,0,1,0,2,2,7.0
Real Madrid,1972-73,0,0,1,2,2,0,1,1,0,0,2,0,0,2,0,2,0,0,2,0,0,1,0,1,1,0,0,1,0,2,4.0
Celta de Vigo,1972-73,1,1,2,2,1,0,2,0,2,1,2,2,2,0,1,1,2,2,0,2,0,0,2,0,1,2,2,1,1,0,15.0
Espanol,1972-73,1,0,1,0,1,1,1,0,1,0,0,1,2,0,1,2,0,0,2,0,0,0,0,0,2,0,2,0,1,0,3.0
Espanol,1973-74,0,2,0,2,1,2,0,2,0,1,2,0,2,0,2,0,2,2,0,2,1,0,1,2,0,1,1,1,0,0,9.0
Real Sociedad,1973-74,2,1,0,1,0,2,0,2,0,2,0,1,0,2,2,1,2,2,0,0,0,1,2,0,1,0,1,0,0,2,4.0
Granada,1973-74,0,1,1,0,1,2,2,2,1,2,0,1,0,2,0,2,0,0,0,0,2,1,1,2,1,1,0,2,1,1,6.0
Real Madrid,1973-74,1,1,1,2,0,1,1,1,0,2,0,2,0,2,0,1,1,2,2,0,0,2,2,2,0,0,0,2,0,2,8.0
Valencia,1973-74,0,2,0,0,2,0,0,0,2,0,1,1,2,2,2,2,2,0,2,0,1,0,0,1,2,2,2,0,1,0,10.0
Celta de Vigo,1973-74,0,2,0,1,0,2,2,2,0,1,2,2,2,0,1,0,1,2,0,2,0,2,1,1,0,2,0,0,2,0,12.0
Elche,1973-74,0,2,1,2,0,2,2,1,2,1,2,0,0,0,0,1,2,2,2,2,1,0,2,0,2,0,1,2,2,0,14.0
Barcelona,1973-74,2,1,2,0,2,1,0,0,1,0,1,0,0,0,0,0,0,0,0,0,1,0,0,0,1,0,1,0,0,1,1.0
Atletico de Madrid,1973-74,0,0,2,0,2,0,2,0,2,1,2,0,1,1,2,0,2,0,0,0,1,0,0,0,1,2,1,0,2,0,2.0
Las Palmas,1973-74,0,2,0,2,2,0,2,0,2,0,2,0,2,0,2,0,2,2,2,2,1,2,0,0,2,1,1,0,1,1,11.0
CD Malaga,1973-74,2,0,1,1,1,0,1,0,1,0,2,2,2,0,0,2,0,0,0,0,2,1,1,0,2,1,1,0,2,1,7.0
Zaragoza,1973-74,1,0,2,1,2,0,0,1,2,0,1,0,0,1,0,2,0,0,2,0,2,2,0,0,2,0,1,2,0,2,3.0
Espanol,1974-75,0,1,0,0,0,2,0,2,0,2,1,1,0,2,0,2,2,2,0,1,0,1,2,2,0,2,2,2,0,2,11.0
Celta de Vigo,1974-75,2,0,1,2,2,2,1,2,0,2,0,1,1,1,0,1,0,0,1,2,0,2,1,2,0,2,0,2,0,2,17.0
Zaragoza,1974-75,2,0,0,1,2,0,2,0,2,0,1,0,2,1,0,1,0,0,1,1,1,0,2,0,2,0,2,1,0,0,2.0
Hercules,1974-75,1,2,2,1,1,0,0,2,1,0,2,0,2,1,2,2,0,1,1,1,1,1,1,2,0,1,0,0,1,0,5.0
Las Palmas,1974-75,0,1,1,1,2,2,0,2,0,1,1,2,1,2,2,0,2,2,0,1,0,2,0,2,0,2,0,2,1,2,13.0
CD Malaga,1974-75,0,2,2,0,2,2,2,1,2,0,2,0,2,0,2,2,2,2,0,0,1,0,1,1,2,0,0,0,2,1,16.0
Real Sociedad,1974-75,0,2,0,2,1,2,0,2,1,1,1,1,1,1,0,0,0,2,1,2,0,0,0,2,1,1,0,1,1,2,4.0
Barcelona,1974-75,2,0,0,0,1,0,1,0,2,0,2,0,2,0,2,1,2,0,2,1,2,1,2,0,2,0,2,0,0,1,3.0
Valencia,1974-75,2,2,0,2,0,2,2,0,0,1,1,1,1,0,2,1,0,2,1,1,0,2,0,0,2,1,2,0,2,0,12.0
Real Madrid,1974-75,0,0,1,0,0,0,1,0,1,0,1,1,0,2,0,0,1,0,1,0,1,0,0,0,0,0,2,0,1,2,1.0
Atletico de Madrid,1974-75,1,2,0,2,0,2,1,1,1,1,0,1,1,0,2,1,2,1,0,2,1,2,0,2,0,1,0,2,1,0,6.0
Granada,1974-75,1,1,2,0,1,0,0,1,1,2,1,2,0,2,0,0,1,1,2,1,2,0,2,2,0,2,0,2,2,1,15.0
Salamanca,1974-75,0,2,1,1,1,2,0,2,2,2,1,1,1,0,2,0,1,0,0,2,1,1,0,1,0,1,2,1,1,0,7.0
Elche,1974-75,2,0,1,2,0,0,2,0,0,2,1,2,0,2,0,1,2,2,2,1,2,0,1,0,1,2,0,1,0,1,8.0
Elche,1975-76,2,2,0,2,0,2,2,1,1,2,0,1,1,1,2,1,1,2,1,2,0,2,1,2,1,2,0,2,1,2,15.0
Barcelona,1975-76,0,0,2,0,0,2,0,1,1,2,0,1,0,2,0,1,0,0,2,0,2,0,0,2,0,1,0,2,0,2,2.0
Espanol,1975-76,0,0,0,2,2,0,2,0,2,0,2,0,2,0,2,0,0,2,0,1,1,0,1,2,2,0,2,0,2,0,4.0
Hercules,1975-76,2,0,2,0,0,0,0,1,1,0,2,0,1,0,1,2,1,0,1,2,2,1,1,0,2,1,1,1,2,0,6.0
Granada,1975-76,1,0,1,0,2,1,2,1,0,2,1,0,0,2,0,2,1,1,1,1,2,2,2,2,0,2,1,2,0,2,17.0
Real Sociedad,1975-76,0,2,2,0,2,1,0,0,1,1,2,1,2,1,2,2,1,2,0,0,1,1,2,1,2,0,0,0,2,0,8.0
Real Madrid,1975-76,0,1,0,0,0,1,0,1,1,0,0,1,1,0,2,0,2,2,0,0,0,1,0,0,0,0,2,0,1,0,1.0
Sevilla,1975-76,0,2,0,2,0,1,0,2,1,2,1,2,0,2,0,0,1,0,1,2,0,2,0,2,0,2,0,2,0,2,11.0
Las Palmas,1975-76,2,0,2,2,2,0,2,1,2,1,2,2,2,0,0,0,2,2,2,1,0,1,0,0,1,0,2,0,2,0,13.0
Valencia,1975-76,0,2,2,0,0,2,2,1,0,1,2,0,2,0,2,2,0,2,1,2,2,1,1,0,2,0,1,0,2,1,10.0
Salamanca,1975-76,0,2,1,2,0,0,2,1,0,1,0,2,1,2,0,1,1,2,0,1,1,2,1,2,0,2,2,2,0,2,9.0
Zaragoza,1975-76,0,2,0,2,2,2,2,2,2,2,1,0,1,0,1,1,1,2,0,2,0,2,2,1,0,2,0,0,1,0,14.0
Atletico de Madrid,1975-76,2,1,2,0,2,0,0,0,1,0,0,0,0,1,0,0,0,0,2,0,1,0,2,0,2,2,0,1,0,2,3.0
Sevilla,1976-77,1,0,0,2,1,1,0,2,2,1,1,0,1,1,1,2,1,2,0,2,0,1,0,2,0,1,0,2,2,0,10.0
Elche,1976-77,1,1,2,2,1,0,2,2,0,1,0,2,0,2,0,2,0,0,2,0,2,1,1,0,2,2,1,2,1,0,11.0
Zaragoza,1976-77,1,2,0,2,0,2,2,2,0,2,1,1,1,2,2,1,1,2,1,2,0,0,0,2,0,1,1,2,0,2,16.0
Real Sociedad,1976-77,1,1,2,0,1,2,0,2,0,1,0,1,0,2,0,0,0,0,2,0,2,2,1,2,0,2,1,2,0,2,8.0
Atletico de Madrid,1976-77,0,2,0,2,0,0,0,0,0,2,1,1,2,1,0,0,0,1,0,1,0,0,1,1,0,2,0,0,0,2,1.0
CD Malaga,1976-77,2,0,1,0,2,1,2,0,2,1,2,1,2,2,2,2,2,1,2,2,2,1,2,2,2,2,2,0,2,2,18.0
Barcelona,1976-77,0,2,0,2,0,0,2,1,0,0,1,0,1,0,0,0,0,2,0,1,0,2,2,1,1,1,2,0,0,0,2.0
Las Palmas,1976-77,2,0,2,0,2,0,2,0,2,1,1,1,0,2,0,1,0,0,2,0,2,2,0,0,2,0,1,1,2,2,4.0
Burgos,1976-77,2,1,0,2,1,2,0,2,1,2,1,2,0,0,2,0,2,2,0,2,0,2,0,0,2,2,0,2,0,0,14.0
Espanol,1976-77,0,0,2,0,1,2,0,2,0,1,0,1,0,2,2,2,1,0,1,0,2,0,1,2,1,2,0,2,0,2,6.0
Hercules,1976-77,0,2,0,2,0,2,1,1,2,1,1,1,2,0,2,0,2,2,0,1,2,1,0,2,1,0,2,0,2,0,13.0
Betis,1976-77,2,2,2,0,1,0,2,0,2,0,1,2,0,0,0,2,2,0,2,0,2,1,1,0,1,0,2,1,0,0,5.0
Salamanca,1976-77,2,2,2,0,2,0,2,0,2,1,0,1,2,0,2,1,0,0,0,1,2,0,2,0,0,1,1,0,2,0,12.0
Real Madrid,1976-77,0,2,2,0,1,0,0,0,2,1,2,0,2,0,1,2,0,2,2,1,0,1,2,0,1,1,1,0,1,2,9.0
Valencia,1976-77,0,1,0,0,1,2,0,2,0,1,0,2,0,1,0,1,2,2,0,2,0,1,2,1,1,0,1,2,2,2,7.0
Celta de Vigo,1976-77,2,0,0,2,1,2,0,2,0,1,2,1,1,2,1,2,1,0,2,2,0,1,1,2,0,1,0,2,1,2,17.0
Las Palmas,1977-78,1,1,0,1,0,2,0,2,0,2,0,0,2,1,2,0,1,2,1,2,1,0,1,0,1,2,0,2,2,1,7.0
Burgos,1977-78,1,2,2,0,2,1,1,2,0,2,0,2,1,2,0,1,1,0,2,0,2,0,1,2,0,1,0,2,0,2,12.0
Sevilla,1977-78,0,2,0,2,1,2,0,2,0,2,0,1,0,1,0,1,1,2,1,2,2,0,0,2,1,2,0,2,0,1,8.0
Espanol,1977-78,2,0,2,2,0,2,0,2,0,2,1,2,0,2,0,2,0,0,2,2,0,2,0,1,1,1,0,1,2,0,14.0
Atletico de Madrid,1977-78,0,2,1,2,2,0,2,0,2,0,2,0,2,0,2,0,2,1,0,2,0,2,2,0,2,0,0,0,0,2,6.0
Valencia,1977-78,2,0,1,0,2,0,2,0,2,0,1,0,2,0,2,1,0,1,0,1,2,2,0,0,1,0,2,0,0,0,4.0
Barcelona,1977-78,0,1,1,0,0,0,2,0,2,0,1,2,1,0,0,1,2,0,0,0,2,1,1,0,1,0,2,1,2,0,2.0
Real Sociedad,1977-78,2,0,2,0,2,0,1,0,2,2,2,1,0,1,0,2,0,2,2,0,1,1,1,0,1,1,2,0,2,0,11.0
Cadiz,1977-78,0,2,0,2,2,2,2,1,1,0,2,1,2,0,2,1,1,2,2,2,2,1,0,0,2,1,2,2,2,2,18.0
Rayo Vallecano,1977-78,2,0,1,1,2,0,2,0,2,0,2,0,0,1,0,1,0,0,2,0,1,1,2,1,2,1,1,2,2,2,10.0
Hercules,1977-78,0,2,1,2,0,1,0,2,1,2,2,2,2,1,2,2,1,2,1,2,0,1,0,2,0,1,0,0,0,0,15.0
Elche,1977-78,2,0,2,0,1,0,2,0,2,0,0,2,2,2,2,2,1,0,1,0,2,2,2,0,2,2,2,0,2,2,17.0
Salamanca,1977-78,0,0,2,2,0,2,1,0,0,2,0,0,0,1,2,1,2,1,0,2,0,1,2,2,0,2,2,0,0,2,9.0
Real Madrid,1977-78,2,0,0,0,0,0,0,2,0,0,0,0,0,2,0,0,1,1,1,0,2,2,0,2,0,2,0,2,0,0,1.0
Rayo Vallecano,1979-80,0,2,2,1,1,2,1,0,1,0,2,0,2,1,1,1,2,2,2,2,2,0,2,0,0,1,2,0,2,0,16.0
Espanol,1979-80,0,0,0,2,1,1,1,2,1,2,2,2,1,1,0,0,1,1,1,1,0,2,2,2,2,2,1,2,1,0,14.0
Sporting de Gijon,1979-80,0,0,0,0,0,0,0,1,2,2,1,0,2,1,2,0,0,2,1,2,0,2,0,1,0,2,0,2,1,2,3.0
Sevilla,1979-80,2,0,2,0,1,2,0,2,1,1,0,2,0,2,0,2,0,0,2,0,2,2,2,2,0,1,0,1,0,2,8.0
Real Sociedad,1979-80,0,0,1,1,0,1,0,1,0,0,0,1,0,1,1,0,1,1,0,1,0,1,0,0,1,1,0,0,1,0,2.0
Las Palmas,1979-80,2,0,2,0,2,0,1,0,1,2,0,2,0,2,0,2,0,1,2,0,1,1,0,0,0,2,0,2,2,2,12.0
Burgos,1979-80,0,2,1,2,1,2,1,2,0,2,1,2,0,1,1,2,1,2,0,2,1,2,1,2,1,2,2,2,2,0,17.0
CD Malaga,1979-80,2,2,0,1,0,2,0,2,1,2,1,2,2,2,1,2,2,0,1,2,0,1,0,2,2,2,2,0,2,2,18.0
Hercules,1979-80,2,2,0,1,1,2,0,2,1,2,0,1,1,1,1,0,2,2,0,2,1,2,1,2,0,2,1,2,1,2,15.0
Atletico de Madrid,1979-80,0,2,1,1,1,1,1,2,2,2,0,2,0,1,1,1,1,0,1,0,2,0,0,2,2,2,0,2,0,1,13.0
Real Madrid,1979-80,0,0,0,1,0,0,1,0,2,0,1,0,0,0,1,0,2,2,0,0,0,0,1,0,1,1,1,0,0,0,1.0
Valencia,1979-80,2,1,1,1,2,0,2,0,0,0,2,0,0,2,1,1,1,0,1,1,1,0,1,0,2,0,2,0,1,2,6.0
Salamanca,1979-80,0,1,0,1,0,0,0,2,1,2,2,2,2,0,2,1,2,2,1,0,1,2,2,2,1,0,2,0,1,2,9.0
Zaragoza,1979-80,1,2,2,0,2,2,2,0,0,0,1,0,2,0,2,1,0,2,1,1,2,2,0,2,2,0,0,0,2,1,11.0
Barcelona,1979-80,1,0,2,1,2,0,2,0,1,1,2,0,2,0,1,2,0,0,2,2,1,1,1,1,1,0,2,0,0,0,4.0
Espanol,1980-81,0,2,0,2,0,2,0,0,1,1,2,0,2,1,2,1,0,2,0,2,1,0,1,2,0,2,0,0,0,2,10.0
Hercules,1980-81,2,1,0,1,1,0,2,2,2,0,1,2,1,0,2,1,0,0,2,1,0,2,1,2,2,2,0,1,2,2,13.0
Sporting de Gijon,1980-81,0,1,0,1,1,2,0,1,1,2,0,2,1,1,2,0,0,2,0,2,0,1,0,0,0,1,0,2,2,0,7.0
Sevilla,1980-81,0,2,0,0,0,2,2,0,1,0,2,0,0,1,2,1,2,1,1,2,0,1,0,1,1,0,2,0,2,0,8.0
Salamanca,1980-81,2,2,2,1,2,2,1,2,2,2,2,1,0,2,0,2,0,1,1,0,2,2,1,2,2,0,2,0,1,2,17.0
Valencia,1980-81,0,0,2,0,0,1,0,2,0,2,0,0,0,1,2,0,0,2,1,1,1,0,0,2,1,2,1,2,0,0,4.0
Real Sociedad,1980-81,2,0,0,1,1,2,0,0,0,2,0,2,0,1,0,1,2,0,0,0,2,2,1,2,0,0,0,1,0,0,1.0
Real Madrid,1980-81,0,0,2,0,2,0,2,0,2,0,1,0,2,0,1,2,1,0,1,0,1,2,2,0,0,0,2,0,0,0,2.0
Zaragoza,1980-81,0,0,0,0,1,1,2,2,2,0,1,2,2,2,1,1,0,2,1,2,1,1,2,0,2,2,2,1,1,0,14.0
Atletico de Madrid,1980-81,0,1,0,1,0,0,0,0,0,2,0,1,1,0,0,0,1,0,1,2,0,2,2,1,0,0,0,2,1,2,3.0
Barcelona,1980-81,0,0,2,2,2,0,2,2,0,0,0,0,0,1,0,2,0,0,2,0,1,0,0,0,1,0,2,2,1,2,5.0
Osasuna,1980-81,0,2,2,1,0,0,0,2,0,1,0,2,0,1,0,2,1,2,2,1,2,2,1,2,2,2,0,1,0,2,11.0
Las Palmas,1980-81,2,1,2,2,1,2,1,0,0,2,0,0,2,0,0,2,2,0,1,2,2,0,2,0,0,2,2,0,2,2,15.0
Atletico de Madrid,1981-82,0,2,0,2,0,2,0,2,1,2,2,2,0,0,2,0,0,2,2,2,0,0,1,2,2,2,0,0,2,0,8.0
Barcelona,1981-82,0,2,0,0,0,0,1,0,2,0,1,0,0,0,1,0,2,2,0,1,0,0,0,0,0,0,1,0,2,2,2.0
Cadiz,1981-82,2,0,2,0,2,0,2,1,2,0,2,0,2,1,2,2,0,0,2,0,2,0,2,0,2,1,2,0,2,2,16.0
Las Palmas,1981-82,1,0,2,1,2,0,2,2,2,0,0,0,2,0,0,2,1,2,2,1,2,2,1,0,2,0,2,1,2,0,15.0
Hercules,1981-82,0,2,0,2,0,2,0,1,1,2,2,2,2,0,2,2,2,0,2,2,2,0,0,2,0,0,1,2,0,2,17.0
Espanol,1981-82,2,2,1,0,2,2,0,2,0,2,0,0,2,2,0,2,0,2,1,0,0,2,0,1,2,1,0,2,0,0,13.0
Real Sociedad,1981-82,0,0,0,1,0,0,1,0,2,0,1,0,2,0,2,0,1,1,0,2,0,0,0,2,1,0,2,0,2,0,1.0
Real Madrid,1981-82,2,0,1,0,1,0,2,0,0,0,0,2,0,0,0,2,0,1,0,0,0,0,2,1,2,1,1,1,0,2,3.0
Sevilla,1981-82,2,2,1,2,0,2,1,0,0,2,1,0,2,2,0,0,2,2,0,2,1,2,1,0,0,2,0,2,0,0,7.0
Osasuna,1981-82,0,0,1,0,0,1,2,2,2,2,2,2,0,2,0,2,2,0,0,0,2,0,2,2,0,2,0,1,1,1,10.0
Sporting de Gijon,1981-82,2,0,2,0,2,0,1,1,1,0,2,0,2,2,2,0,1,1,0,1,2,2,1,2,2,2,2,0,1,2,14.0
Zaragoza,1981-82,0,0,1,0,1,2,0,0,1,2,1,0,0,2,2,0,0,2,1,2,2,2,1,2,0,0,0,2,0,2,11.0
Valencia,1981-82,2,0,1,2,0,2,0,1,0,2,0,2,0,2,0,2,0,0,1,2,0,2,0,0,0,2,0,0,0,1,5.0
Espanol,1982-83,0,2,2,1,1,2,0,1,0,2,0,2,0,2,0,0,2,0,1,2,0,1,2,2,0,2,0,2,1,2,9.0
CD Malaga,1982-83,1,1,2,1,0,2,2,2,0,2,0,1,1,2,2,2,0,2,0,2,0,1,0,2,1,0,0,1,1,1,10.0
Sporting de Gijon,1982-83,1,1,0,0,1,1,1,1,1,1,0,1,1,2,0,2,0,0,1,2,0,2,1,2,1,2,0,2,1,2,8.0
Real Sociedad,1982-83,1,1,0,1,0,1,0,1,1,0,1,2,0,2,2,1,2,2,1,0,0,2,0,1,0,2,0,1,1,2,7.0
Las Palmas,1982-83,1,0,1,1,2,0,2,1,2,1,2,0,2,1,2,0,2,0,1,1,2,1,1,2,2,2,2,0,1,0,16.0
Valencia,1982-83,0,2,1,2,2,1,2,2,2,0,2,1,2,0,2,2,2,2,2,1,1,0,2,0,2,0,2,1,1,0,15.0
Barcelona,1982-83,2,0,1,1,1,0,0,1,0,0,1,1,0,0,2,2,0,0,0,0,1,0,0,0,1,2,1,1,0,0,4.0
Atletico de Madrid,1982-83,0,0,0,2,1,2,0,2,0,0,1,2,2,0,0,0,2,0,1,0,1,2,1,0,0,2,0,1,0,0,3.0
Salamanca,1982-83,2,0,0,2,1,1,0,2,1,2,2,2,0,2,0,1,0,2,1,0,2,0,2,1,0,2,1,2,1,2,13.0
Osasuna,1982-83,1,2,2,0,1,2,2,0,2,0,2,0,2,1,2,0,2,2,1,2,1,1,2,2,2,0,2,0,2,0,14.0
Sevilla,1982-83,0,2,1,2,0,0,0,0,1,2,1,0,1,0,1,1,0,2,1,2,0,1,0,2,0,0,2,1,1,1,5.0
Celta de Vigo,1982-83,2,2,2,1,2,1,2,0,0,2,2,1,2,1,0,0,0,0,2,2,2,1,1,0,2,2,2,2,2,2,17.0
Real Madrid,1982-83,1,0,0,0,1,0,1,0,1,0,0,0,2,0,0,2,0,0,1,0,1,1,2,0,0,0,1,0,1,2,2.0
Zaragoza,1982-83,0,0,2,1,0,2,0,0,0,0,1,0,2,0,2,0,2,1,0,2,1,2,1,0,0,2,0,1,2,0,6.0
Elche,1984-85,2,2,1,2,1,0,0,1,2,2,2,1,2,1,2,1,2,1,0,2,1,1,1,2,0,2,1,2,1,0,17.0
Valencia,1984-85,0,0,2,2,0,0,1,1,0,1,1,1,1,1,1,2,0,1,2,1,0,1,2,1,0,2,2,2,2,2,9.0
Espanol,1984-85,1,2,1,2,1,2,0,1,0,2,0,1,2,1,2,2,2,1,0,1,1,1,1,2,0,0,0,0,0,0,8.0
Atletico de Madrid,1984-85,1,0,0,0,2,0,0,1,2,2,1,1,0,1,2,1,0,1,1,0,0,0,0,0,2,1,1,0,0,0,2.0
Real Sociedad,1984-85,1,2,0,2,0,2,1,1,1,0,1,1,0,1,0,0,2,2,0,1,2,1,0,2,1,1,0,2,2,0,7.0
CD Malaga,1984-85,2,0,2,2,0,2,1,1,0,1,2,1,1,1,0,0,0,2,2,2,1,2,0,1,1,1,1,2,1,2,16.0
Sevilla,1984-85,0,0,2,0,1,0,2,1,0,2,1,1,1,1,2,2,0,0,1,1,0,1,2,2,2,0,2,2,2,0,12.0
Osasuna,1984-85,0,2,0,1,1,2,0,0,2,2,2,2,0,1,2,2,0,1,1,1,0,2,2,0,0,2,1,0,0,2,6.0
Real Madrid,1984-85,2,1,0,2,0,1,0,1,0,0,2,0,0,1,0,0,1,2,1,1,2,1,1,2,1,0,2,0,2,0,5.0
Barcelona,1984-85,0,0,1,0,0,0,1,1,0,1,0,0,0,1,0,2,0,0,0,0,1,0,0,0,1,1,0,0,2,0,1.0
Zaragoza,1984-85,2,2,0,1,0,2,2,1,2,0,0,1,2,1,0,1,2,1,2,0,1,0,0,0,1,1,1,2,2,2,10.0
Hercules,1984-85,0,0,1,1,2,1,2,0,2,1,1,2,1,2,1,2,1,1,2,1,2,1,2,2,0,0,1,2,0,2,15.0
Espanol,1985-86,0,2,2,2,1,2,0,1,2,0,2,2,2,0,1,0,1,1,0,2,0,1,1,2,0,0,1,2,2,2,11.0
Cadiz,1985-86,2,0,2,0,1,1,2,0,2,0,0,2,0,1,0,2,2,1,2,2,2,0,2,2,1,2,1,2,2,0,15.0
Las Palmas,1985-86,2,1,2,2,0,2,0,2,0,2,0,2,1,2,2,1,0,2,1,2,2,1,0,1,0,2,1,1,0,2,13.0
Sporting de Gijon,1985-86,0,1,1,0,1,0,1,1,0,0,1,0,2,1,0,2,1,0,2,1,1,1,0,1,1,2,2,0,0,1,6.0
Osasuna,1985-86,2,2,0,1,1,2,2,2,2,2,0,1,0,2,0,2,2,2,1,1,2,2,0,2,0,0,2,2,0,0,14.0
Real Sociedad,1985-86,1,1,0,1,2,0,2,0,2,0,2,0,2,2,2,0,2,0,0,0,0,0,1,1,2,2,0,0,2,0,7.0
Celta de Vigo,1985-86,1,2,2,0,2,2,2,0,2,2,2,2,2,0,2,1,1,2,2,0,2,2,2,2,2,2,2,2,1,2,18.0
Valencia,1985-86,0,2,0,2,0,1,2,1,1,0,2,1,1,2,2,2,0,1,2,2,1,2,2,1,2,2,2,1,2,2,16.0
Atletico de Madrid,1985-86,0,1,0,2,2,2,0,1,0,1,0,0,0,1,0,0,1,2,0,2,0,2,2,0,1,0,0,1,0,2,5.0
Sevilla,1985-86,2,0,2,0,1,1,0,2,1,0,1,2,0,0,1,2,1,0,1,1,0,2,1,0,0,2,0,2,0,2,9.0
Real Madrid,1985-86,1,0,0,0,1,0,0,0,1,0,2,0,2,0,0,0,0,0,0,0,1,0,0,0,0,0,0,0,0,0,1.0
Barcelona,1985-86,1,0,2,1,2,1,0,0,0,1,0,0,0,0,2,0,1,0,0,0,0,0,1,0,2,0,0,2,1,1,2.0
Zaragoza,1985-86,0,2,0,1,1,0,1,2,1,2,0,0,1,1,2,2,1,1,2,0,0,2,0,1,0,0,0,0,0,0,4.0
Hercules,1985-86,2,1,2,2,1,0,2,2,0,2,0,2,0,2,0,2,0,1,2,1,2,0,2,2,1,2,2,0,2,2,17.0
Barcelona,1986-87,0,1,0,1,0,1,0,1,0,2,0,1,1,0,0,0,1,1,0,0,0,1,0,1,0,1,0,1,2,2,2.0
Sporting de Gijon,1986-87,0,2,1,1,0,0,2,0,2,2,0,1,0,1,2,0,2,1,0,1,2,2,2,1,1,0,2,0,0,0,4.0
Las Palmas,1986-87,0,1,0,2,1,2,2,1,2,0,2,0,2,0,2,0,2,2,2,2,1,0,0,1,2,2,2,1,2,0,14.0
Atletico de Madrid,1986-87,1,1,0,2,1,0,0,0,0,2,1,2,0,1,0,1,1,2,2,2,0,2,0,1,1,2,2,2,0,0,7.0
Espanol,1986-87,1,0,2,1,1,0,1,0,2,0,1,0,1,0,2,0,2,0,0,0,0,0,2,1,2,1,0,0,0,0,3.0
Sabadell,1986-87,2,1,1,1,2,2,2,2,1,2,0,2,1,2,0,2,0,1,2,0,2,1,2,0,1,0,1,2,2,2,15.0
Real Madrid,1986-87,0,1,1,0,0,0,2,1,1,0,1,0,0,2,1,1,0,0,0,1,1,0,0,0,2,0,2,0,0,0,1.0
Osasuna,1986-87,1,1,1,1,2,1,0,2,1,2,2,2,0,2,2,2,1,1,0,2,1,2,0,2,0,1,0,2,0,1,16.0
Mallorca,1986-87,1,1,0,0,2,0,1,2,0,2,1,2,0,1,0,2,0,1,2,0,2,2,0,2,1,0,0,2,0,2,6.0
Real Sociedad,1986-87,0,1,2,1,2,2,1,0,0,0,0,2,2,0,2,1,2,2,0,1,0,2,2,1,1,0,0,2,0,2,8.0
Cadiz,1986-87,2,1,2,0,0,2,0,1,0,1,1,2,2,2,0,2,1,0,2,2,2,0,2,2,0,1,1,2,2,2,18.0
Zaragoza,1986-87,0,2,1,2,1,0,0,2,2,2,2,0,1,0,2,0,2,2,1,1,1,2,1,1,1,0,0,0,2,0,5.0
Sevilla,1986-87,2,2,0,1,2,0,1,1,1,0,0,2,2,2,0,2,0,0,1,1,1,1,2,0,2,2,0,0,0,2,12.0
Espanol,1987-88,2,2,0,0,2,2,2,0,0,1,2,1,1,0,2,2,1,0,2,2,0,2,0,2,0,2,2,1,1,0,15.0
Celta de Vigo,1987-88,0,1,2,0,1,1,1,0,0,2,0,2,1,2,2,1,0,2,0,0,2,0,2,0,1,1,0,2,0,2,7.0
Sporting de Gijon,1987-88,1,2,2,0,1,0,2,2,1,1,0,0,2,0,0,0,2,1,2,2,2,0,2,0,2,1,0,1,1,0,9.0
Valencia,1987-88,0,1,0,0,0,2,2,2,1,1,0,2,1,2,2,2,2,0,0,2,0,2,1,1,2,2,1,1,2,1,14.0
Atletico de Madrid,1987-88,0,1,0,2,0,0,0,1,0,0,2,1,0,0,2,0,0,2,0,1,0,0,0,1,2,1,2,1,2,2,3.0
Sabadell,1987-88,2,2,0,1,1,2,2,2,2,1,2,2,2,1,0,2,1,2,0,1,2,2,2,2,0,1,1,2,1,2,19.0
Cadiz,1987-88,2,0,0,0,2,0,1,2,0,2,0,2,1,1,0,2,1,0,2,2,0,2,1,1,1,1,2,2,0,2,12.0
Real Madrid,1987-88,0,0,0,0,0,0,0,0,1,2,0,0,0,0,2,0,1,0,0,0,0,0,2,0,1,0,1,0,0,0,1.0
Las Palmas,1987-88,2,2,0,1,2,2,0,2,2,2,0,0,2,2,2,2,1,0,1,1,0,2,0,2,0,0,2,0,2,2,20.0
Barcelona,1987-88,0,2,2,2,2,2,0,1,0,0,0,0,0,2,2,2,0,1,2,1,1,0,1,2,0,1,2,0,2,2,6.0
Osasuna,1987-88,0,1,0,2,1,2,1,0,0,1,2,0,2,1,2,0,2,0,0,2,2,2,0,2,0,1,0,2,1,1,5.0
Sevilla,1987-88,2,0,2,0,0,2,0,2,2,0,2,1,1,1,0,0,2,0,2,0,1,2,0,1,1,1,1,0,0,0,10.0
Zaragoza,1987-88,0,1,2,2,0,0,2,0,2,1,1,1,0,0,2,1,2,1,1,2,1,2,0,1,2,2,1,1,0,1,11.0
Real Sociedad,1987-88,2,1,2,2,0,0,0,1,0,0,1,0,0,0,0,0,0,2,0,0,0,0,2,0,0,2,0,0,1,0,2.0
Sevilla,1988-89,2,0,0,1,1,1,0,2,0,1,0,0,1,1,2,0,2,2,2,1,1,2,1,2,1,0,0,0,0,2,9.0
Barcelona,1988-89,0,0,1,1,0,0,0,2,0,1,0,0,0,0,2,0,0,0,1,1,0,1,2,0,0,0,1,1,1,0,2.0
Espanol,1988-89,2,0,1,0,2,1,2,2,2,2,1,1,1,2,1,2,2,1,2,1,2,1,1,0,1,0,1,2,0,1,17.0
Atletico de Madrid,1988-89,2,2,2,1,0,0,0,0,0,2,1,0,0,2,0,2,1,0,1,0,1,0,2,2,0,2,0,2,0,1,4.0
Real Sociedad,1988-89,2,0,1,0,2,2,0,0,1,0,2,2,1,1,1,2,0,0,2,1,1,1,1,0,2,2,1,1,0,0,11.0
Sporting de Gijon,1988-89,0,1,1,0,2,2,2,0,0,1,1,0,2,0,1,1,2,0,0,1,2,2,0,2,0,2,2,2,2,1,13.0
Celta de Vigo,1988-89,0,1,1,0,0,2,0,2,1,2,1,0,2,0,2,2,0,0,1,1,0,1,0,2,0,0,1,2,0,2,8.0
Cadiz,1988-89,2,2,2,1,2,1,2,0,0,0,1,2,1,1,2,1,2,0,2,1,2,1,1,0,2,0,1,1,1,0,15.0
CD Malaga,1988-89,2,1,2,1,1,2,0,1,0,0,2,2,0,1,1,2,2,2,1,2,2,0,2,0,2,2,0,0,0,2,16.0
Real Madrid,1988-89,1,1,1,0,0,0,0,0,0,0,0,1,1,0,0,0,0,0,1,1,0,1,0,0,0,0,1,0,2,0,1.0
Osasuna,1988-89,1,0,2,1,2,0,1,0,2,0,1,0,1,1,2,1,2,0,0,1,0,2,0,0,2,1,1,2,2,2,10.0
Elche,1988-89,2,2,0,2,2,0,2,2,2,2,1,2,2,1,1,1,2,2,2,0,2,0,2,2,2,2,2,1,2,1,20.0
Zaragoza,1988-89,1,2,1,2,0,2,1,0,2,0,1,1,1,1,2,0,0,2,0,1,2,0,1,2,2,0,2,1,0,0,5.0
Valencia,1988-89,1,0,1,0,2,1,0,0,2,2,0,1,0,2,0,0,1,2,1,1,1,1,0,0,0,1,2,0,1,0,3.0
Real Sociedad,1989-90,2,0,2,0,2,0,1,1,0,0,0,1,0,1,2,2,0,0,0,1,2,1,1,1,0,0,1,0,2,1,5.0
CD Malaga,1989-90,1,2,1,0,1,0,2,0,2,2,0,1,1,1,2,2,2,2,1,1,2,2,0,2,0,2,2,2,2,2,17.0
Celta de Vigo,1989-90,1,2,2,1,0,1,2,0,2,2,2,1,2,1,2,2,1,2,0,1,2,1,1,1,2,2,2,1,2,1,19.0
Valencia,1989-90,2,1,2,0,1,1,1,0,0,0,1,1,0,0,1,0,1,0,2,1,0,1,0,0,2,1,0,0,1,0,2.0
Atletico de Madrid,1989-90,0,0,1,0,1,0,2,2,2,0,1,0,1,1,0,0,0,2,0,1,0,0,2,0,0,0,2,1,1,0,4.0
Barcelona,1989-90,2,0,2,0,2,0,0,1,0,0,0,2,0,2,0,0,2,0,0,0,0,1,2,1,2,0,1,0,0,0,3.0
Cadiz,1989-90,2,2,0,2,2,2,1,0,2,0,2,0,1,1,2,0,2,0,2,1,2,2,2,2,2,2,2,1,0,1,15.0
Osasuna,1989-90,0,2,0,2,0,1,0,0,2,2,0,1,0,1,0,1,2,0,0,1,2,2,1,2,0,1,0,1,1,1,8.0
Mallorca,1989-90,2,1,0,1,0,1,1,1,0,0,1,2,2,1,0,2,0,2,1,1,0,1,1,1,0,2,2,1,0,2,10.0
Real Madrid,1989-90,0,1,0,1,0,2,0,0,0,2,0,0,0,1,0,0,0,0,0,1,0,1,1,0,0,0,0,0,0,1,1.0
Sporting de Gijon,1989-90,2,1,2,2,2,2,2,0,0,1,2,0,2,0,0,0,1,0,2,1,2,0,2,2,2,1,0,1,2,1,13.0
Sevilla,1989-90,0,0,0,2,0,1,1,2,2,0,2,1,2,2,2,0,0,0,2,0,0,2,0,0,0,0,0,2,1,0,6.0
Tenerife,1989-90,2,1,1,1,2,0,1,1,2,0,2,2,0,2,2,2,1,2,1,2,1,2,0,0,2,0,0,2,2,1,18.0
Zaragoza,1989-90,0,2,1,1,0,2,0,2,0,0,0,2,2,1,2,0,2,0,2,1,0,0,1,2,2,1,2,1,0,2,9.0
Rayo Vallecano,1989-90,2,0,2,1,2,1,2,2,2,2,0,2,1,2,1,2,0,2,1,1,2,0,2,2,2,2,2,2,0,1,20.0
Espanol,1990-91,2,1,0,2,1,1,0,2,0,2,1,1,0,0,2,2,2,2,2,2,0,1,0,1,0,1,2,2,0,0,16.0
Barcelona,1990-91,0,0,0,0,0,0,1,0,2,1,0,0,0,0,0,1,0,2,0,0,1,0,0,0,0,0,2,1,0,0,1.0
Sporting de Gijon,1990-91,1,0,1,0,2,1,2,2,0,2,1,2,0,2,0,1,2,0,1,0,1,0,0,1,1,2,0,2,0,1,5.0
Mallorca,1990-91,0,1,2,0,2,0,2,2,2,1,1,0,2,1,2,1,0,2,0,0,2,1,2,2,1,1,2,1,2,1,15.0
Real Sociedad,1990-91,0,1,2,0,2,1,2,0,1,1,2,2,2,0,2,1,1,1,2,1,1,0,1,0,0,1,0,0,2,2,13.0
Zaragoza,1990-91,2,2,2,2,1,0,1,1,0,0,2,0,2,2,1,0,2,0,0,1,1,2,2,1,2,0,1,2,2,1,17.0
Cadiz,1990-91,2,1,1,0,2,1,2,2,1,2,2,1,2,2,2,1,2,0,2,1,1,0,1,0,2,1,2,1,2,2,18.0
Real Madrid,1990-91,0,2,0,0,0,1,1,1,2,0,2,0,0,0,2,2,0,2,2,0,0,1,0,2,2,2,1,2,2,0,3.0
Sevilla,1990-91,1,0,2,0,0,0,0,0,2,0,2,2,1,2,0,2,0,1,0,0,2,1,2,0,2,1,2,0,2,1,8.0
Tenerife,1990-91,0,2,1,1,2,2,2,0,2,0,0,2,2,2,0,2,1,2,0,2,0,2,1,2,0,1,0,0,0,0,14.0
Valencia,1990-91,1,2,0,2,0,2,0,2,2,2,0,1,1,0,2,0,0,1,1,2,1,0,0,0,0,1,2,2,1,2,7.0
Atletico de Madrid,1990-91,1,0,1,1,2,1,0,1,0,1,0,2,0,0,0,0,1,0,0,0,1,0,1,0,0,0,1,1,0,1,2.0
Osasuna,1990-91,1,0,2,0,0,1,1,2,0,1,0,1,0,2,1,0,0,1,0,0,2,0,1,1,2,2,0,2,0,1,4.0
Sevilla,1991-92,0,0,0,2,2,2,0,2,0,1,1,1,1,0,0,2,0,1,0,2,2,2,0,2,1,1,0,2,0,2,12.0
Cadiz,1991-92,2,2,0,0,2,2,0,2,1,2,1,2,0,2,2,1,2,1,2,1,0,1,1,1,2,2,1,2,0,2,18.0
Real Madrid,1991-92,0,0,0,0,0,1,0,0,0,0,0,0,0,1,1,2,0,2,0,1,2,0,2,0,1,2,0,0,0,1,2.0
Valencia,1991-92,0,2,1,0,0,2,2,1,0,0,2,0,2,0,0,0,0,0,1,0,1,2,1,1,2,0,0,2,2,0,4.0
Atletico de Madrid,1991-92,0,0,0,0,0,0,2,0,2,0,1,0,2,2,0,0,2,2,2,1,0,0,0,2,0,1,1,0,0,0,3.0
Barcelona,1991-92,0,2,0,2,2,1,0,1,0,0,0,1,0,1,0,0,0,0,0,2,0,0,1,0,1,1,0,1,0,2,1.0
Real Sociedad,1991-92,2,1,2,2,2,0,1,0,1,0,1,1,2,0,1,2,0,0,2,0,0,0,2,1,0,0,1,0,2,0,5.0
Osasuna,1991-92,0,2,0,2,0,2,0,2,2,2,1,0,1,1,2,2,2,0,1,2,1,1,2,1,0,2,1,1,0,0,15.0
Albacete,1991-92,2,0,0,2,2,0,2,2,2,0,1,1,0,0,0,0,1,0,0,0,1,1,1,0,2,1,0,2,1,0,7.0
Mallorca,1991-92,1,2,2,2,0,0,2,2,2,2,2,0,2,2,1,2,0,2,2,0,2,1,1,2,0,1,2,0,2,1,20.0
Tenerife,1991-92,0,1,2,2,2,1,1,2,0,2,1,2,2,0,1,0,2,1,2,2,0,1,0,0,2,2,0,2,2,2,13.0
Sporting de Gijon,1991-92,0,0,2,0,2,1,0,0,1,0,0,1,2,2,2,0,2,1,0,0,2,0,1,2,1,2,2,0,0,2,8.0
Zaragoza,1991-92,1,1,2,0,2,0,0,0,1,0,2,1,0,1,0,0,1,0,0,2,2,2,2,0,2,2,2,0,1,0,6.0
Espanol,1991-92,1,2,2,0,2,1,2,2,0,1,2,2,2,2,2,1,2,2,0,0,2,2,0,1,0,0,1,0,2,0,16.0
Barcelona,1992-93,0,1,0,0,1,1,2,0,0,0,0,0,0,0,1,0,1,0,1,2,1,1,0,0,0,0,0,0,2,0,1.0
Real Madrid,1992-93,2,0,1,0,2,0,0,0,0,0,1,0,2,0,2,0,0,1,0,0,0,1,0,0,0,1,1,0,0,0,2.0
Valencia,1992-93,0,1,1,1,0,2,0,2,0,2,0,1,1,0,0,2,1,0,0,0,1,1,0,2,2,1,2,1,0,0,4.0
Rayo Vallecano,1992-93,2,0,2,1,1,1,1,0,2,2,0,0,0,2,1,0,1,2,1,2,1,0,2,1,1,1,2,1,2,2,14.0
Albacete,1992-93,2,2,2,2,0,1,0,2,2,1,2,0,2,2,2,0,1,0,1,2,1,2,2,1,2,1,0,0,2,2,17.0
Sevilla,1992-93,0,2,1,0,2,0,1,0,1,0,0,2,1,2,0,2,1,0,0,0,2,1,2,0,2,1,1,2,0,0,7.0
Cadiz,1992-93,2,1,0,1,2,1,1,2,2,2,1,1,2,0,2,2,2,2,1,2,1,0,2,2,1,2,1,1,0,2,19.0
Atletico de Madrid,1992-93,0,0,2,1,0,0,1,2,0,0,0,0,1,2,2,2,1,1,2,1,0,1,0,0,0,2,0,2,1,1,6.0
Tenerife,1992-93,2,1,0,2,2,0,2,1,1,1,1,1,0,0,0,0,0,0,2,1,1,0,0,1,1,1,2,0,1,0,5.0
Celta de Vigo,1992-93,2,1,0,0,1,2,1,1,0,2,2,2,0,2,2,2,1,0,1,1,1,0,0,2,1,0,2,1,1,2,11.0
Sporting de Gijon,1992-93,1,0,1,0,1,2,1,0,2,0,0,2,1,1,0,2,1,2,2,2,2,1,2,2,1,0,2,2,2,1,12.0
Osasuna,1992-93,1,0,2,1,1,2,2,2,0,0,2,0,1,0,0,2,2,2,0,0,1,1,2,2,2,0,2,1,0,0,10.0
Real Sociedad,1992-93,2,2,0,2,2,0,2,1,2,0,1,2,2,0,2,0,2,2,1,1,0,0,2,0,0,0,1,0,2,0,13.0
Zaragoza,1992-93,0,1,0,1,1,2,0,1,2,1,2,1,1,0,2,0,1,2,0,2,1,2,0,0,0,2,1,2,1,2,9.0
Espanol,1992-93,2,2,2,1,1,0,1,0,0,2,1,2,0,1,0,2,1,1,0,0,2,2,0,1,1,1,0,2,2,2,18.0
Osasuna,1993-94,2,1,2,2,2,2,0,0,2,0,2,1,2,0,2,2,1,2,2,1,1,2,0,2,1,1,2,1,2,2,20.0
Real Madrid,1993-94,0,2,2,2,1,0,1,0,0,0,0,0,2,0,1,2,0,2,0,1,1,0,0,0,0,1,2,0,0,0,4.0
Albacete,1993-94,2,1,1,0,2,1,1,1,1,2,0,1,1,0,0,0,2,1,1,0,2,0,2,1,2,0,1,0,2,0,13.0
Atletico de Madrid,1993-94,0,1,0,1,1,2,2,1,0,2,0,1,2,1,2,0,1,1,2,2,0,2,0,2,2,2,1,2,2,0,12.0
Barcelona,1993-94,0,1,1,0,0,0,2,0,2,0,0,2,0,1,0,0,2,0,1,2,0,2,2,0,0,0,0,0,1,0,1.0
Real Sociedad,1993-94,2,1,0,0,0,1,0,0,2,2,2,1,1,0,2,0,2,1,1,0,2,0,1,2,2,0,2,0,2,1,11.0
Deportivo,1993-94,1,0,0,1,2,1,0,0,0,1,2,0,0,0,0,0,1,0,0,1,0,2,0,0,0,2,1,1,1,0,2.0
Celta de Vigo,1993-94,1,1,2,1,1,0,1,0,2,1,2,2,0,2,2,2,0,0,2,1,2,0,2,0,1,1,1,2,2,2,15.0
Rayo Vallecano,1993-94,2,0,0,2,0,2,1,2,2,2,0,1,2,2,0,0,1,2,0,1,2,2,1,1,1,1,0,2,0,1,17.0
Valencia,1993-94,0,1,0,0,1,0,2,0,0,2,2,0,1,2,2,2,1,1,2,1,2,0,2,1,1,0,2,0,0,2,7.0
Tenerife,1993-94,0,2,0,2,1,0,1,2,0,0,2,2,0,2,2,2,1,2,0,1,0,0,0,2,0,1,0,2,0,2,10.0
Lleida,1993-94,2,2,2,2,1,2,1,2,2,0,2,0,2,2,0,2,1,1,1,1,2,0,1,1,1,1,0,2,0,2,19.0
Sporting de Gijon,1993-94,0,2,0,1,2,2,1,0,0,0,0,2,0,0,0,2,0,2,0,0,2,1,2,2,2,1,2,2,2,0,14.0
Zaragoza,1993-94,2,1,1,2,2,0,1,2,2,0,2,0,0,0,1,0,2,0,2,0,0,2,0,0,1,0,1,0,0,0,3.0
Sevilla,1993-94,0,1,1,1,0,0,2,0,0,0,1,2,2,2,1,2,0,1,1,2,1,1,2,0,0,0,2,0,2,0,6.0
Sevilla,1994-95,2,0,0,1,2,1,1,2,0,0,2,0,0,2,0,1,0,2,1,2,1,0,2,1,0,0,1,2,0,0,5.0
Real Madrid,1994-95,0,0,1,0,2,0,0,1,2,0,0,0,1,0,0,0,1,0,1,0,0,1,1,0,2,0,1,0,0,0,1.0
Albacete,1994-95,1,2,1,1,0,2,2,0,2,2,2,1,1,0,2,0,1,1,2,1,0,1,1,1,0,2,2,1,1,2,17.0
Celta de Vigo,1994-95,1,1,1,0,1,2,2,0,2,0,0,1,1,2,0,1,2,2,2,1,1,0,2,2,2,1,0,1,2,0,13.0
Atletico de Madrid,1994-95,2,2,0,2,0,2,1,2,2,2,0,1,0,0,2,2,1,2,1,1,0,2,1,0,0,0,2,2,2,1,14.0
Valencia,1994-95,0,2,0,0,0,2,2,2,0,1,2,1,1,2,1,2,1,1,0,1,1,0,0,2,0,1,2,1,0,2,10.0
Compostela,1994-95,2,1,0,2,2,0,1,1,0,0,2,1,0,2,2,0,1,1,2,1,1,2,2,2,0,2,1,0,1,2,16.0
Real Sociedad,1994-95,0,2,2,2,2,1,0,1,1,2,2,1,1,0,0,1,1,1,0,1,1,0,2,0,2,2,0,1,2,2,11.0
Espanol,1994-95,0,0,1,1,1,2,2,1,0,0,1,1,2,0,2,0,1,1,2,2,0,2,0,0,1,2,0,1,0,1,6.0
Sporting de Gijon,1994-95,0,2,1,2,0,0,0,2,2,2,1,1,2,2,1,1,1,1,2,2,0,2,1,2,1,0,1,0,1,1,18.0
Barcelona,1994-95,2,0,1,0,2,0,0,0,1,0,0,2,1,0,1,2,0,1,0,0,2,0,0,0,2,1,2,1,1,0,4.0
Zaragoza,1994-95,1,0,0,2,0,1,0,0,0,1,0,2,0,0,0,2,2,0,2,2,1,2,0,2,0,1,0,2,0,0,7.0
Tenerife,1994-95,1,0,2,1,0,0,1,2,1,2,2,2,0,2,0,1,0,1,0,0,2,2,0,2,1,0,0,2,0,2,15.0
Valencia,1995-96,2,0,0,1,2,0,0,1,2,0,0,2,1,0,2,0,2,0,0,2,0,0,0,0,2,0,1,0,2,0,2.0
Sporting de Gijon,1995-96,0,2,0,2,2,0,1,0,2,0,2,0,2,1,2,2,2,2,2,0,2,0,1,1,2,2,2,2,1,1,18.0
Albacete,1995-96,2,0,2,0,2,0,1,2,2,1,2,1,2,2,2,1,0,0,2,1,1,2,1,1,1,0,2,0,2,2,20.0
Atletico de Madrid,1995-96,0,0,0,0,1,0,0,0,0,1,0,1,2,0,2,0,0,0,0,0,1,2,0,0,0,2,0,0,1,2,1.0
Real Sociedad,1995-96,2,0,2,2,1,0,2,2,0,0,2,1,2,1,0,2,1,2,0,1,0,0,1,0,1,0,1,0,0,0,7.0
Celta de Vigo,1995-96,2,0,1,2,1,2,2,2,0,1,2,1,1,0,1,0,2,0,0,0,2,1,0,2,1,2,1,2,1,1,11.0
Compostela,1995-96,0,0,1,0,2,0,2,0,2,0,2,0,1,1,0,0,0,2,0,0,0,1,2,2,0,0,0,1,2,2,10.0
Espanol,1995-96,0,0,0,0,0,2,1,0,1,1,0,0,0,1,2,0,0,1,2,0,2,1,0,1,1,1,2,0,2,0,4.0
Salamanca,1995-96,2,2,2,1,1,2,0,2,1,0,2,0,1,0,2,1,1,2,2,2,0,1,2,2,2,1,1,2,2,2,22.0
Merida,1995-96,1,1,2,2,1,2,1,0,0,1,0,2,2,2,2,1,1,1,2,1,1,0,1,2,2,1,0,2,2,2,21.0
Rayo Vallecano,1995-96,2,2,2,2,0,2,2,1,0,2,2,1,0,2,0,2,2,1,0,1,1,0,2,1,1,2,2,0,2,0,19.0
Real Madrid,1995-96,0,2,2,1,1,2,0,0,0,1,0,2,0,1,0,2,0,2,0,1,1,2,0,0,0,2,1,1,0,2,6.0
Sevilla,1995-96,2,2,0,1,1,2,1,2,2,1,1,0,0,0,2,1,1,0,2,2,2,2,1,2,2,0,0,1,0,1,12.0
Tenerife,1995-96,0,2,1,1,2,0,0,1,2,1,1,1,1,1,0,0,2,0,0,2,0,0,2,0,1,0,2,2,0,0,5.0
Barcelona,1995-96,0,1,0,0,1,0,0,0,0,2,0,1,0,1,1,2,0,2,0,2,1,0,1,0,1,0,0,0,1,2,3.0
Zaragoza,1995-96,0,2,2,1,0,0,2,0,2,1,2,2,2,1,1,0,0,1,2,1,1,1,2,2,0,2,1,0,0,2,13.0
Real Madrid,1996-97,1,0,1,0,0,0,1,0,0,1,0,1,0,0,0,0,1,0,1,0,0,0,0,1,2,0,0,0,0,0,1.0
Atletico de Madrid,1996-97,0,2,2,0,0,1,1,2,2,0,0,1,0,0,0,1,1,0,0,2,0,1,0,1,0,0,0,2,2,0,5.0
Celta de Vigo,1996-97,2,1,0,2,2,0,1,1,0,1,1,2,0,0,2,0,2,2,1,2,2,1,1,0,1,0,2,1,2,1,16.0
Hercules,1996-97,0,2,2,2,2,2,2,1,2,2,2,1,2,0,2,0,2,1,0,0,2,1,2,2,2,2,2,0,2,2,21.0
Extremadura,1996-97,2,2,2,2,2,2,2,0,2,1,1,2,1,2,2,1,1,2,1,0,0,1,2,0,1,0,0,0,2,0,19.0
Valencia,1996-97,2,2,1,0,0,2,0,0,0,2,2,2,1,2,0,2,0,1,0,2,1,1,0,1,2,0,2,0,0,2,10.0
Real Sociedad,1996-97,0,0,1,2,1,0,0,2,2,2,0,2,0,1,0,0,1,0,0,0,2,0,2,1,0,2,1,2,2,1,8.0
Sevilla,1996-97,2,2,0,2,2,1,2,1,2,0,0,0,2,2,2,2,2,2,0,2,1,2,2,0,2,2,2,2,0,2,20.0
Rayo Vallecano,1996-97,2,2,0,2,0,1,0,2,0,1,1,1,2,1,0,2,0,0,2,2,2,2,1,2,0,2,2,2,2,2,18.0
Barcelona,1996-97,0,0,1,0,0,1,0,0,0,0,1,1,0,2,0,2,0,0,2,0,0,1,2,0,2,0,2,0,0,0,2.0
Tenerife,1996-97,0,0,2,2,0,1,2,2,0,1,1,1,0,2,2,0,0,0,2,1,2,1,0,2,0,2,0,0,1,2,9.0
Compostela,1996-97,2,0,2,0,2,1,2,2,1,1,2,0,1,2,2,0,2,0,1,2,0,1,2,1,0,2,0,2,1,1,11.0
Zaragoza,1996-97,1,0,1,2,2,1,1,2,2,1,2,1,1,1,0,2,2,2,2,1,2,0,0,1,0,2,0,1,0,2,14.0
Espanol,1996-97,2,2,0,1,0,2,1,2,0,0,1,2,2,1,2,0,2,2,2,0,1,2,0,2,2,2,2,1,2,0,12.0
Sporting de Gijon,1996-97,0,2,1,0,2,1,0,1,2,2,1,2,2,0,2,2,1,1,2,0,1,0,2,1,2,0,2,0,2,0,15.0
Real Madrid,1997-98,1,0,0,0,1,0,0,1,2,0,0,0,1,0,1,0,1,0,2,1,0,2,2,1,0,2,0,2,1,0,4.0
Atletico de Madrid,1997-98,1,0,2,1,0,0,0,2,0,0,1,1,0,1,0,1,2,2,0,1,2,0,1,0,2,0,1,1,2,2,7.0
Espanol,1997-98,0,1,1,1,1,0,0,0,0,2,0,1,1,1,0,2,1,2,0,2,2,1,1,2,1,0,1,2,2,1,10.0
Barcelona,1997-98,0,0,0,0,0,0,1,0,0,2,2,0,2,0,0,0,0,0,2,1,2,2,0,1,1,0,0,0,0,0,1.0
Real Sociedad,1997-98,2,0,2,0,1,0,0,0,1,0,1,1,1,0,1,1,0,1,0,1,2,0,0,1,2,1,2,2,0,0,3.0
Celta de Vigo,1997-98,0,1,0,1,0,2,0,1,0,0,0,2,2,2,0,2,1,0,2,2,0,2,1,0,0,2,0,0,1,2,6.0
Zaragoza,1997-98,2,1,0,1,1,1,2,0,1,2,2,0,0,0,2,0,1,2,1,0,2,1,2,0,0,2,1,0,2,2,13.0
Compostela,1997-98,0,1,2,1,1,2,1,2,0,2,2,0,1,2,2,2,1,1,1,0,0,2,0,2,1,2,2,1,0,2,17.0
Sporting de Gijon,1997-98,2,2,2,2,2,2,1,2,2,2,2,2,1,2,2,1,2,2,2,2,2,2,2,0,2,2,1,2,2,1,20.0
Mallorca,1997-98,0,1,0,0,1,2,0,1,1,0,2,1,1,2,2,2,0,0,2,1,1,0,0,0,1,0,2,1,2,0,5.0
Valencia,1997-98,2,2,2,2,0,1,2,1,2,0,2,0,2,2,1,0,0,0,2,1,0,0,0,2,0,0,1,0,0,1,9.0
Salamanca,1997-98,2,2,0,1,2,2,2,2,2,1,1,2,1,0,0,1,0,2,0,1,2,0,2,2,2,0,1,0,2,0,15.0
Merida,1997-98,2,1,2,1,2,2,0,2,0,0,0,1,1,2,2,2,1,2,0,0,2,1,1,2,0,2,0,2,0,1,19.0
Tenerife,1997-98,1,0,0,2,2,1,2,0,2,2,2,1,2,1,2,1,2,1,0,2,0,0,2,1,2,0,2,2,1,0,16.0
Valencia,1998-99,0,2,0,2,2,2,0,0,0,2,0,1,0,0,2,0,1,1,0,0,1,2,2,0,0,0,1,0,1,2,4.0
Atletico de Madrid,1998-99,2,0,1,0,2,0,2,0,1,2,0,0,1,1,1,0,0,2,0,2,2,2,2,1,2,2,2,1,1,2,13.0
Celta de Vigo,1998-99,1,1,1,1,0,0,0,1,0,0,2,1,1,0,2,0,0,0,2,2,0,2,1,1,0,0,0,1,0,1,5.0
Deportivo,1998-99,1,0,2,0,2,0,1,1,1,1,0,0,0,2,1,2,2,0,0,0,1,0,1,2,0,0,0,1,2,0,6.0
Espanol,1998-99,0,2,1,2,1,2,2,1,0,0,1,2,1,2,0,0,1,1,1,1,0,0,1,1,2,2,1,0,0,0,7.0
Tenerife,1998-99,2,1,0,2,1,2,1,0,1,2,2,2,1,1,1,2,2,1,0,1,1,2,2,1,0,2,1,2,2,2,19.0
Extremadura,1998-99,1,2,2,1,2,2,0,2,2,0,2,0,2,2,1,0,2,2,1,1,2,1,0,2,2,0,2,1,1,1,17.0
Barcelona,1998-99,1,0,1,1,0,1,0,0,2,0,2,2,2,2,0,0,0,0,0,0,0,0,1,2,0,0,0,0,0,0,1.0
Real Sociedad,1998-99,1,1,2,2,0,1,0,2,0,2,1,0,0,2,0,2,0,1,0,2,1,2,0,0,1,1,2,1,0,1,10.0
Salamanca,1998-99,1,2,0,2,0,1,0,2,2,2,0,2,1,2,2,2,2,1,2,2,0,2,0,2,2,2,2,2,2,1,20.0
Mallorca,1998-99,1,0,0,1,1,0,0,1,0,2,0,2,0,0,1,2,0,2,2,0,2,0,0,1,2,0,2,0,0,2,3.0
Zaragoza,1998-99,0,0,2,0,0,2,2,2,0,2,1,0,1,2,1,0,1,0,2,2,1,1,0,0,2,2,1,0,2,1,9.0
Real Madrid,1998-99,0,0,1,0,2,0,1,0,1,2,2,0,1,0,2,0,2,0,2,0,0,2,2,2,0,0,0,0,2,0,2.0
Villarreal,1998-99,2,1,2,0,1,1,1,2,2,0,2,0,0,0,2,2,1,0,1,2,2,0,2,1,1,1,1,2,1,2,18.0
Barcelona,2000-01,0,2,0,2,0,0,2,1,0,2,2,0,1,0,1,0,0,0,0,1,0,2,2,0,1,1,1,0,1,1,4.0
Real Sociedad,2000-01,1,2,1,0,2,2,2,0,2,2,0,2,1,2,2,2,1,2,1,0,1,2,0,2,0,2,1,1,0,1,13.0
Real Madrid,2000-01,0,1,0,1,0,2,0,2,2,0,0,0,0,0,0,0,0,0,1,0,0,2,0,1,1,0,2,0,0,0,1.0
Valencia,2000-01,2,0,0,0,1,0,0,0,2,1,1,0,1,0,0,1,0,2,2,2,1,0,0,0,1,0,2,2,0,2,5.0
Zaragoza,2000-01,2,1,1,2,1,2,1,0,0,2,0,2,1,1,0,1,1,0,1,2,0,2,0,2,1,2,1,2,0,1,17.0
Espanol,2000-01,0,2,2,2,1,2,0,1,0,1,0,0,2,2,2,2,0,2,0,0,0,2,2,1,1,1,0,0,2,0,9.0
Las Palmas,2000-01,2,1,1,2,0,0,0,2,2,2,0,0,1,2,2,0,0,0,1,2,0,2,2,2,1,2,0,2,2,2,11.0
Mallorca,2000-01,1,2,2,2,0,1,0,0,0,0,2,0,1,1,1,0,1,0,1,2,1,0,0,2,0,1,0,1,0,0,3.0
Numancia,2000-01,0,2,2,0,1,2,2,1,0,2,2,2,1,1,2,0,2,2,0,2,1,2,0,2,0,2,1,2,2,1,20.0
Osasuna,2000-01,2,0,1,2,1,1,2,2,1,1,1,2,2,1,0,2,0,2,1,2,2,2,2,0,0,2,1,0,1,2,15.0
Celta de Vigo,2000-01,0,0,0,2,1,2,0,2,0,2,1,2,1,2,1,2,2,2,1,0,1,0,1,1,0,0,0,0,0,2,6.0
Villarreal,2000-01,2,0,0,1,1,2,1,2,0,0,2,2,1,0,0,1,2,0,2,0,0,0,0,2,2,1,0,2,1,2,7.0
Rayo Vallecano,2000-01,0,1,1,0,1,0,2,2,0,1,0,2,0,1,1,2,1,0,1,2,2,0,1,1,2,2,2,0,2,1,14.0
Valencia,2001-02,0,1,0,1,1,1,0,1,0,1,0,1,1,2,1,2,0,0,0,2,2,0,0,0,1,1,0,0,0,2,1.0
Real Madrid,2001-02,2,1,2,0,1,2,0,1,1,0,0,2,0,0,0,0,0,1,0,0,1,1,2,2,0,2,0,0,0,1,3.0
Espanol,2001-02,0,2,2,2,0,0,1,2,0,1,2,2,0,2,0,1,2,0,2,1,1,2,0,1,0,1,0,1,0,2,14.0
Zaragoza,2001-02,2,1,0,2,1,0,0,2,2,2,0,0,2,0,2,2,2,0,2,1,2,0,1,1,2,0,2,2,2,1,20.0
Mallorca,2001-02,2,0,1,2,2,2,2,1,0,2,0,0,2,0,1,1,2,1,2,2,0,0,2,2,1,2,2,0,0,1,16.0
Las Palmas,2001-02,0,2,2,1,2,0,2,0,1,2,0,2,1,2,0,1,1,0,1,0,2,2,1,1,2,1,2,2,0,2,18.0
Osasuna,2001-02,2,2,1,0,0,0,1,2,2,0,2,1,2,2,2,0,1,2,0,1,1,0,1,1,0,1,2,1,2,2,17.0
Celta de Vigo,2001-02,0,0,1,0,1,1,1,0,1,1,2,2,2,0,0,1,0,0,1,1,1,0,0,2,1,1,2,2,0,0,5.0
Real Sociedad,2001-02,2,2,1,2,2,2,1,2,0,0,0,2,2,0,2,1,2,0,1,2,2,2,0,2,0,0,1,1,2,0,13.0
Rayo Vallecano,2001-02,2,1,2,2,2,2,2,0,2,0,2,0,2,2,2,1,1,0,1,1,0,2,0,1,2,0,1,2,1,0,11.0
Villarreal,2001-02,0,0,2,0,0,1,2,2,1,2,2,0,1,0,2,1,2,2,2,1,1,0,2,0,1,1,2,1,2,1,15.0
Sevilla,2001-02,2,1,0,0,2,0,1,1,2,1,0,1,2,0,2,1,0,2,0,2,0,0,2,1,1,2,0,2,2,2,8.0
Barcelona,2001-02,0,1,1,0,0,0,2,1,1,0,2,0,1,2,2,1,0,2,0,0,2,2,0,0,1,0,2,0,2,1,4.0
Tenerife,2001-02,2,2,0,2,1,2,0,0,2,2,2,0,1,0,2,2,1,2,0,2,1,2,2,1,1,2,0,1,0,1,19.0
Atletico de Madrid,2004-05,0,0,1,2,0,2,0,2,1,1,1,0,2,0,2,0,2,2,1,2,0,0,1,2,0,2,0,0,1,0,11.0
Espanol,2004-05,1,0,0,2,0,2,2,0,1,0,0,2,0,0,0,1,2,0,1,2,1,2,0,2,0,1,0,2,1,0,5.0
Numancia,2004-05,1,2,0,2,1,2,2,2,2,2,0,2,0,2,2,1,2,1,1,2,2,2,2,0,1,1,1,2,2,2,19.0
Mallorca,2004-05,2,0,2,1,2,2,1,2,2,1,1,0,2,0,2,2,2,1,2,2,0,1,0,2,2,2,0,2,2,2,17.0
Real Madrid,2004-05,0,0,2,0,2,2,1,0,0,0,0,2,0,1,0,0,2,0,0,0,0,0,0,2,2,0,1,2,0,0,2.0
Osasuna,2004-05,1,0,0,2,0,2,0,2,2,2,0,1,0,2,1,0,0,2,1,2,1,2,2,1,2,1,2,2,0,2,15.0
Barcelona,2004-05,0,0,1,0,0,0,0,0,1,0,2,0,0,0,0,1,0,2,0,0,0,2,0,0,1,1,0,0,0,1,1.0
Real Sociedad,2004-05,1,1,2,2,2,0,2,0,0,2,2,0,1,0,2,1,0,2,2,2,2,1,0,0,2,0,2,0,1,0,14.0
Levante,2004-05,1,0,2,0,2,0,0,2,0,0,2,2,2,1,2,1,2,2,2,0,1,2,1,1,0,1,2,0,2,2,18.0
Sevilla,2004-05,0,2,0,1,0,1,0,0,2,1,2,0,2,0,1,0,0,1,2,0,2,0,0,2,1,1,2,2,0,0,6.0
Albacete,2004-05,2,2,2,1,1,0,2,0,1,1,2,1,0,2,2,1,1,0,1,2,2,0,2,2,2,1,2,2,2,2,20.0
Zaragoza,2004-05,0,1,0,2,0,2,0,2,0,1,1,2,2,2,1,2,0,0,2,2,0,2,2,1,0,2,0,0,1,1,12.0
Getafe,2004-05,2,2,2,0,2,0,2,2,2,0,0,1,2,1,2,1,0,1,1,0,2,0,2,1,0,1,1,0,2,1,13.0
Valencia,2004-05,0,1,0,0,0,1,2,2,1,2,1,0,0,0,0,1,0,0,1,2,1,1,2,2,0,1,1,2,0,1,7.0
Villarreal,2004-05,2,1,1,1,2,0,1,0,1,0,2,2,2,1,0,0,1,0,0,0,0,0,2,0,2,0,1,0,2,0,3.0
Valencia,2006-07,0,0,0,1,0,2,0,2,1,1,2,2,2,0,0,0,0,0,0,2,0,2,0,1,0,1,2,0,2,0,4.0
Real Sociedad,2006-07,1,2,2,2,2,2,1,2,2,1,1,1,1,2,0,1,0,2,2,2,1,2,2,2,2,0,1,0,2,0,19.0
Zaragoza,2006-07,2,0,0,2,1,0,0,0,0,2,0,1,2,0,2,1,0,2,1,1,0,2,0,1,0,1,0,1,0,2,6.0
Espanol,2006-07,2,2,0,2,1,1,1,1,1,1,0,1,0,0,2,0,2,0,1,2,2,0,0,0,1,1,1,2,0,2,11.0
Mallorca,2006-07,1,1,2,0,2,0,1,0,1,2,2,0,1,2,2,2,2,0,2,0,2,0,2,2,0,2,0,1,0,2,12.0
Osasuna,2006-07,2,2,0,0,1,2,2,1,2,2,2,0,0,0,0,0,2,0,2,2,1,0,2,2,2,1,0,1,2,1,14.0
Getafe,2006-07,0,0,2,1,2,0,0,0,2,0,2,1,1,1,2,2,1,0,0,0,2,0,2,1,1,1,2,1,2,0,9.0
Real Madrid,2006-07,1,0,0,0,1,2,0,0,2,0,0,0,0,2,0,2,2,0,0,2,2,0,1,1,1,1,0,0,0,2,1.0
Villarreal,2006-07,1,2,2,0,0,1,1,0,0,2,0,2,0,1,2,2,2,0,1,0,2,2,2,0,1,0,1,1,2,2,5.0
Celta de Vigo,2006-07,2,0,2,2,1,0,0,2,0,2,0,1,1,1,1,1,2,2,2,2,1,2,0,1,2,1,2,2,2,0,18.0
Barcelona,2006-07,0,0,0,1,0,0,2,0,1,0,0,0,1,0,1,1,1,2,0,0,1,0,2,0,2,1,0,0,2,0,2.0
Sevilla,2006-07,0,0,0,2,0,2,0,0,0,1,0,0,2,0,0,0,2,2,1,0,1,1,0,1,0,2,0,1,1,2,3.0
Levante,2006-07,2,2,0,0,1,2,1,1,0,2,2,1,1,2,1,2,0,2,1,2,0,0,1,1,2,2,1,2,1,2,15.0
Espanol,2008-09,0,0,1,2,2,1,1,2,0,2,2,2,2,1,2,2,1,1,2,1,1,1,2,0,2,2,1,2,0,1,10.0
Valencia,2008-09,0,1,0,0,0,0,0,1,2,0,2,1,0,2,0,2,0,1,2,2,0,2,1,1,2,2,1,0,0,0,6.0
Mallorca,2008-09,2,1,1,0,0,2,2,0,2,1,2,1,2,2,2,1,2,2,2,0,2,1,0,0,0,1,1,0,2,0,9.0
Almeria,2008-09,0,1,0,2,0,1,2,2,1,2,0,2,2,2,1,2,0,1,1,0,2,2,0,1,0,2,2,2,0,2,11.0
Atletico de Madrid,2008-09,0,2,0,0,2,2,2,1,0,1,0,1,0,0,0,0,2,2,1,1,2,0,1,2,0,1,0,2,2,0,4.0
Real Madrid,2008-09,2,0,0,0,0,1,0,0,1,0,2,0,2,2,2,0,0,0,0,0,0,0,0,0,0,1,0,0,0,0,2.0
Sporting de Gijon,2008-09,2,2,2,2,2,0,0,0,0,2,0,2,0,2,2,0,2,0,2,2,0,2,2,2,2,0,0,2,2,2,14.0
Getafe,2008-09,0,1,1,2,0,1,2,0,1,2,2,1,0,1,0,2,2,2,2,0,1,1,1,1,2,2,2,0,2,0,17.0
Numancia,2008-09,0,2,2,2,1,2,2,0,2,2,0,1,2,0,2,0,2,0,2,2,2,2,2,2,2,0,2,0,1,1,19.0
Barcelona,2008-09,2,1,0,0,0,0,0,0,0,0,0,1,0,0,0,0,0,0,0,0,0,0,1,2,2,0,0,0,0,0,1.0
Osasuna,2008-09,1,1,2,1,1,2,2,2,2,1,2,0,2,1,2,0,1,2,2,1,0,0,1,0,1,2,1,0,0,0,15.0
Villarreal,2008-09,1,0,0,0,0,0,1,1,0,0,1,2,0,1,2,2,2,1,0,1,2,0,1,0,1,0,2,0,2,2,5.0
Sevilla,2008-09,1,0,1,0,0,0,0,2,2,0,0,1,2,0,0,1,1,0,0,2,2,2,0,0,0,0,1,0,0,2,3.0
Real Madrid,2009-10,0,0,0,0,0,2,0,1,0,0,0,2,0,0,0,1,0,2,0,0,0,0,0,0,0,0,0,0,0,0,2.0
Zaragoza,2009-10,0,2,2,1,0,2,1,2,0,2,1,2,2,2,2,1,2,1,2,0,0,1,2,0,1,1,2,2,0,0,14.0
Tenerife,2009-10,2,0,2,0,2,2,2,0,2,1,2,1,0,2,1,2,2,1,1,2,2,0,2,2,2,0,2,1,1,2,19.0
Atletico de Madrid,2009-10,2,1,2,1,1,0,2,1,2,2,2,0,0,2,1,0,0,0,2,2,1,0,2,0,1,0,2,0,2,0,9.0
Valencia,2009-10,0,0,1,2,1,0,1,0,0,0,0,1,0,2,1,0,0,0,1,2,0,1,0,2,1,2,0,0,2,0,3.0
Sevilla,2009-10,2,0,0,0,0,0,2,1,0,0,0,1,1,0,2,2,2,2,0,0,2,0,0,1,2,1,2,1,2,0,4.0
Mallorca,2009-10,0,1,0,2,0,2,0,1,0,2,0,1,0,0,2,0,2,0,1,2,0,2,2,0,0,2,0,1,2,1,5.0
Xerez,2009-10,2,2,2,2,1,1,0,2,2,1,1,2,2,2,2,2,2,1,2,0,2,2,2,1,0,2,0,1,0,1,20.0
Almeria,2009-10,1,2,0,1,1,2,0,2,2,0,2,2,2,1,2,0,1,1,2,1,0,1,0,0,1,0,2,0,2,1,13.0
Getafe,2009-10,0,2,2,0,2,0,2,0,2,2,0,0,2,0,0,0,2,2,0,1,2,1,2,2,1,0,1,2,0,1,6.0
Osasuna,2009-10,1,2,2,0,0,2,0,1,1,2,2,0,1,2,2,1,2,0,0,0,0,2,1,2,1,2,2,2,0,2,12.0
Villarreal,2009-10,1,1,2,2,2,1,2,0,0,2,0,2,0,0,0,1,1,2,0,2,2,0,2,0,1,0,2,1,0,0,7.0
Espanol,2009-10,2,2,0,0,1,1,0,1,1,2,2,2,2,2,0,2,0,2,1,0,2,0,2,1,1,2,0,1,1,1,11.0
Barcelona,2009-10,0,0,0,0,0,0,1,0,1,0,1,0,0,0,0,1,0,0,0,0,0,2,0,0,1,0,0,0,0,0,1.0
Sporting de Gijon,2009-10,2,0,1,1,2,0,0,1,1,0,1,0,2,2,2,1,0,2,2,2,2,1,0,0,2,1,2,0,1,1,15.0
